percent_pov,SCH_MATHCERT_CALC
0.284,4
0.438,1
0.438,1
0.438,1
0.438,1
0.072,10
0.072,7
0.068,7
0.068,5
0.149,1
0.061,3
0.126,3
0.152,3
0.152,1
0.186,2
0.130,1
0.114,2
0.103,7
0.203,1
0.203,3
0.153,1
0.153,2
0.153,1
0.153,2
0.153,2
0.153,3
0.153,1
0.153,1
0.423,1
0.275,1
0.463,11
0.463,3
0.463,1
0.463,1
0.463,0
0.202,1
0.343,2
0.343,2
0.198,4
0.227,2
0.227,1
0.215,1
0.472,1
0.392,1
0.392,3
0.204,1
0.333,1
0.301,1
0.239,1
0.153,1
0.200,1
0.200,0
0.200,2
0.200,1
0.171,1
0.470,1
0.315,1
0.244,2
0.244,1
0.171,1
0.304,1
0.153,1
0.153,1
0.153,3
0.153,1
0.153,1
0.148,4
0.387,1
0.234,1
0.234,1
0.234,1
0.467,1
0.253,2
0.207,1
0.241,1
0.241,1
0.395,1
0.346,1
0.600,1
0.187,3
0.319,1
0.231,1
0.085,2
0.076,6
0.220,1
0.220,2
0.220,1
0.241,2
0.241,5
0.241,1
0.241,5
0.241,1
0.238,1
0.191,1
0.153,1
0.178,2
0.178,1
0.178,1
0.178,2
0.178,3
0.178,2
0.178,1
0.178,1
0.178,1
0.178,1
0.178,1
0.151,1
0.151,1
0.151,1
0.151,1
0.151,1
0.151,1
0.256,1
0.252,1
0.252,1
0.252,2
0.252,2
0.182,3
0.182,1
0.476,1
0.500,1
0.129,1
0.129,3
0.129,1
0.129,5
0.129,5
0.382,1
0.306,1
0.306,1
0.302,1
0.344,0
0.344,3
0.344,3
0.403,1
0.403,1
0.403,1
0.403,2
0.403,8
0.403,6
0.403,1
0.168,1
0.168,1
0.168,3
0.065,6
0.107,1
0.127,1
0.296,2
0.274,1
0.366,1
0.252,1
0.562,0
0.309,1
0.231,1
0.366,2
0.256,1
0.181,1
0.434,1
0.429,1
0.098,2
0.098,1
0.098,1
0.098,6
0.098,1
0.152,1
0.152,1
0.152,1
0.386,1
0.236,1
0.236,1
0.236,1
0.236,2
0.272,1
0.160,2
0.437,2
0.280,1
0.280,4
0.280,1
0.169,1
0.169,1
0.169,1
0.037,3
0.221,1
0.221,1
0.518,2
0.179,2
0.285,2
0.483,1
0.101,1
0.190,1
0.004,1
0.106,1
0.117,3
0.117,1
0.117,0
0.117,3
0.117,5
0.117,0
0.117,3
0.117,1
0.117,3
0.089,2
0.089,3
0.089,2
0.090,1
0.130,1
0.130,0
0.130,1
0.130,0
0.130,0
0.130,1
0.246,0
0.089,2
0.116,1
0.116,0
0.147,1
0.011,1
0.011,0
0.163,1
0.096,1
0.096,1
0.096,1
0.096,3
0.096,1
0.270,1
0.096,2
0.071,1
0.149,1
0.149,1
0.027,1
0.025,1
0.057,2
0.045,0
0.045,0
0.195,1
0.115,12
0.248,1
0.199,1
0.306,1
0.306,2
0.235,1
0.108,2
0.108,6
0.108,1
0.108,4
0.234,2
0.234,3
0.234,5
0.363,3
0.134,1
0.134,2
0.134,2
0.225,1
0.235,1
0.253,1
0.253,0
0.047,2
0.092,8
0.092,15
0.092,6
0.092,7
0.092,3
0.092,1
0.092,1
0.599,1
0.579,1
0.359,1
0.183,2
0.183,2
0.183,2
0.183,3
0.203,4
0.203,4
0.166,1
0.166,2
0.166,3
0.242,1
0.144,2
0.496,1
0.314,3
0.314,2
0.314,2
0.314,2
0.314,3
0.314,3
0.314,5
0.314,2
0.314,3
0.259,4
0.082,3
0.082,4
0.327,1
0.185,2
0.597,1
0.230,1
0.316,1
0.139,3
0.139,2
0.181,9
0.253,1
0.253,2
0.253,1
0.253,2
0.253,5
0.253,1
0.249,1
0.280,1
0.162,8
0.162,7
0.162,8
0.162,4
0.162,8
0.289,1
0.135,3
0.135,4
0.135,8
0.135,1
0.135,4
0.135,5
0.135,7
0.451,2
0.451,3
0.451,1
0.451,1
0.451,2
0.451,2
0.451,1
0.451,4
0.451,6
0.451,3
0.451,3
0.451,8
0.451,1
0.451,1
0.264,2
0.264,1
0.214,5
0.055,14
0.055,1
1.736,1
0.254,1
0.090,1
0.090,0
0.362,1
0.120,3
0.120,5
0.120,5
0.120,1
0.120,2
0.273,0
0.133,6
0.133,7
0.133,4
0.133,4
0.133,4
0.215,3
0.284,0
0.356,0
0.356,8
0.181,1
0.048,1
0.112,8
0.112,6
0.112,3
0.112,6
0.112,2
0.112,5
0.189,1
0.189,1
0.189,1
0.189,1
0.189,1
0.189,2
0.792,1
0.363,2
0.363,1
0.363,1
0.363,2
0.363,6
0.363,7
0.363,1
0.363,3
0.363,2
0.050,1
0.050,5
0.050,3
0.050,1
0.117,1
0.216,2
0.292,0
0.369,1
0.498,1
0.309,1
0.277,1
0.277,2
0.184,1
0.245,1
0.179,1
0.238,2
0.197,3
0.203,1
0.358,1
0.194,1
0.192,1
0.329,1
0.238,1
0.285,1
0.246,1
0.071,2
0.108,5
0.064,4
0.064,2
0.113,1
0.251,1
0.078,1
0.119,3
0.219,1
0.143,1
0.225,1
0.259,1
0.169,5
0.223,1
0.285,2
0.187,1
0.175,1
0.158,2
0.155,1
0.175,1
0.221,1
0.273,9
0.095,1
0.306,1
0.142,14
0.253,1
0.462,1
0.160,1
0.123,2
0.135,2
0.337,1
0.365,1
0.227,1
0.373,3
0.274,1
0.274,1
0.270,1
0.242,4
0.242,3
0.242,2
0.242,1
0.237,1
0.301,1
0.289,1
0.200,4
0.370,1
0.354,1
0.381,4
0.393,1
0.160,1
0.338,1
0.298,1
0.252,1
0.184,1
0.175,1
0.140,2
0.254,1
0.191,5
0.191,11
0.191,6
0.191,5
0.209,1
0.153,3
0.153,1
0.153,1
0.167,1
0.229,2
0.203,2
0.207,1
0.247,1
0.123,1
0.252,3
0.164,2
0.380,2
0.138,1
0.155,1
0.067,1
0.114,1
0.292,2
0.116,2
0.201,4
0.122,1
0.236,1
0.147,2
0.051,3
0.051,3
0.258,0
0.258,0
0.258,0
0.541,1
0.169,4
0.280,2
0.280,3
0.022,9
0.038,9
0.038,11
0.040,7
0.475,1
0.160,1
0.160,1
0.160,1
0.079,7
0.079,3
0.079,4
0.080,4
0.080,7
0.080,5
0.250,1
0.045,5
0.288,1
0.382,1
0.114,2
0.114,4
0.114,2
0.114,1
0.284,1
0.063,4
0.122,1
0.265,1
0.157,2
0.157,3
0.157,2
0.183,3
0.213,1
0.218,1
0.355,0
0.176,1
0.209,1
0.125,1
0.125,2
0.279,1
0.279,1
0.394,1
0.394,2
0.394,5
0.302,1
0.304,3
0.104,1
0.133,1
0.100,1
0.100,1
0.100,1
0.200,3
0.200,4
0.200,4
0.163,1
0.163,3
0.271,1
0.271,1
0.315,0
0.331,3
0.331,9
0.331,2
0.331,5
0.331,1
0.048,2
0.139,5
0.139,3
0.139,4
0.352,2
0.417,1
0.192,1
0.293,1
0.343,1
0.119,2
0.119,7
0.119,2
0.119,3
0.028,5
0.028,6
0.028,6
0.028,6
0.094,8
0.094,4
0.045,3
0.191,4
0.191,2
0.191,3
0.162,1
0.162,1
0.223,3
0.223,2
0.223,1
0.223,3
0.223,2
0.223,2
0.223,2
0.223,1
0.223,5
0.094,5
0.094,1
0.245,1
0.245,2
0.247,1
0.247,0
0.247,0
0.247,2
0.247,2
0.247,1
0.247,3
0.247,2
0.247,0
0.212,1
0.212,2
0.101,16
0.186,4
0.186,5
0.186,2
0.085,2
0.270,1
0.270,2
0.250,3
0.250,4
0.330,1
0.383,1
0.278,3
0.194,2
0.094,4
0.203,3
0.203,2
0.049,4
0.072,2
0.144,4
0.347,1
0.174,2
0.087,2
0.087,3
0.239,1
0.229,2
0.084,9
0.203,2
0.098,7
0.098,7
0.098,1
0.062,4
0.266,1
0.333,3
0.074,1
0.074,4
0.074,4
0.074,7
0.074,4
0.101,5
0.101,5
0.101,6
0.101,5
0.101,5
0.101,3
0.101,1
0.075,4
0.075,1
0.075,4
0.068,4
0.172,1
0.051,12
0.223,2
0.296,2
0.296,3
0.296,3
0.227,9
0.231,1
0.231,2
0.132,2
0.132,1
0.132,0
0.145,1
0.145,1
0.145,4
0.145,2
0.145,1
0.183,2
0.136,3
0.136,4
0.136,11
0.136,12
0.273,1
0.104,6
0.111,1
0.110,5
0.110,4
0.110,4
0.110,3
0.110,6
0.110,1
0.380,2
0.380,1
0.380,2
0.317,1
0.235,8
0.235,4
0.235,6
0.121,1
0.393,1
0.393,1
0.080,1
0.080,4
0.080,3
0.080,1
0.104,3
0.104,5
0.104,9
0.104,6
0.104,11
0.104,2
0.052,0
0.109,1
0.109,2
0.156,3
0.156,3
0.156,4
0.058,3
0.458,1
0.083,8
0.083,2
0.374,2
0.333,2
0.333,2
0.333,1
0.169,1
0.169,2
0.169,3
0.169,3
0.209,1
0.161,5
0.161,6
0.191,4
0.086,1
0.036,1
0.133,3
0.133,6
0.133,1
0.133,3
0.133,3
0.133,3
0.133,8
0.133,1
0.133,6
0.133,10
0.133,6
0.259,1
0.259,1
0.087,1
0.087,8
0.087,8
0.087,1
0.254,2
0.254,6
0.254,5
0.254,3
0.254,6
0.198,3
0.086,2
0.141,2
0.141,3
0.141,2
0.141,3
0.141,6
0.141,3
0.141,7
0.141,3
0.120,1
0.202,1
0.202,1
0.202,3
0.202,3
0.141,1
0.138,2
0.138,1
0.138,1
0.138,1
0.166,4
0.166,1
0.257,3
0.103,0
0.103,0
0.103,0
0.221,3
0.221,3
0.221,2
0.221,5
0.221,2
0.252,1
0.188,1
0.192,3
0.055,2
0.055,7
0.055,3
0.055,10
0.055,4
0.038,11
0.038,5
0.038,9
0.038,10
0.038,10
0.369,4
0.369,5
0.369,3
0.369,1
0.369,2
0.369,2
0.369,2
0.170,7
0.170,8
0.170,10
0.170,7
0.170,16
0.170,26
0.160,4
0.160,4
0.255,3
0.255,5
0.255,5
0.255,3
0.255,4
0.255,3
0.255,2
0.389,1
0.134,1
0.134,3
0.171,8
0.171,3
0.171,2
0.171,3
0.078,8
0.167,1
0.167,1
0.167,4
0.167,3
0.167,6
0.167,2
0.167,1
0.167,1
0.167,2
0.167,8
0.167,3
0.345,4
0.187,2
0.187,4
0.187,5
0.187,1
0.228,0
0.228,3
0.228,0
0.279,1
0.165,2
0.165,4
0.165,1
0.097,0
0.221,3
0.221,3
0.221,1
0.221,4
0.221,3
0.146,1
0.273,1
0.273,0
0.125,5
0.125,6
0.125,5
0.125,5
0.125,2
0.125,3
0.107,6
0.476,4
0.476,3
0.476,4
0.098,1
0.098,1
0.098,1
0.098,2
0.297,2
0.187,2
0.187,2
0.187,2
0.320,1
0.253,1
0.242,2
0.242,2
0.242,3
0.242,2
0.242,1
0.242,2
0.242,1
0.242,1
0.242,1
0.242,2
0.242,1
0.242,3
0.242,2
0.242,4
0.242,2
0.242,2
0.242,3
0.242,1
0.198,1
0.198,1
0.302,3
0.302,1
0.250,2
0.488,2
0.351,1
0.351,2
0.037,4
0.580,1
0.098,9
0.107,2
0.056,3
0.056,5
0.512,3
0.212,2
0.065,3
0.065,1
0.065,5
0.201,2
0.191,1
0.223,2
0.055,6
0.055,4
0.215,2
0.215,3
0.215,2
0.215,2
0.243,3
0.243,1
0.224,0
0.224,0
0.224,0
0.224,0
0.224,0
0.224,0
0.224,0
0.224,0
0.224,0
0.048,5
0.328,5
0.328,6
0.328,1
0.328,1
0.328,2
0.328,6
0.328,1
0.328,1
0.328,4
0.328,1
0.328,3
0.328,2
0.328,8
0.328,4
0.328,2
0.328,2
0.328,3
0.328,2
0.328,2
0.328,4
0.328,3
0.328,1
0.328,2
0.328,1
0.328,1
0.328,3
0.328,2
0.328,1
0.328,5
0.328,1
0.328,1
0.328,5
0.328,4
0.328,3
0.328,6
0.328,2
0.328,5
0.328,1
0.328,4
0.328,8
0.328,1
0.328,3
0.328,9
0.328,4
0.328,3
0.328,2
0.328,2
0.328,1
0.328,1
0.328,3
0.328,5
0.328,4
0.328,3
0.328,4
0.328,1
0.328,1
0.328,2
0.328,1
0.328,1
0.328,3
0.328,1
0.328,1
0.328,1
0.328,1
0.328,1
0.328,2
0.328,1
0.328,2
0.328,2
0.328,1
0.328,2
0.328,4
0.328,4
0.328,2
0.328,2
0.328,1
0.328,1
0.328,3
0.328,3
0.328,1
0.328,2
0.328,1
0.328,2
0.328,1
0.328,1
0.328,2
0.328,1
0.328,1
0.328,1
0.328,1
0.328,1
0.328,1
0.328,2
0.328,1
0.328,1
0.328,2
0.328,1
0.328,2
0.328,1
0.328,1
0.328,2
0.328,2
0.328,1
0.328,1
0.270,2
0.270,2
0.021,8
0.021,7
0.120,3
0.306,2
0.306,2
0.095,2
0.167,3
0.167,3
0.167,2
0.167,6
0.167,2
0.252,3
0.092,2
0.294,1
0.294,1
0.294,1
0.356,1
0.094,1
0.222,1
0.183,1
0.183,2
0.183,1
0.183,2
0.183,3
0.183,2
0.183,4
0.446,1
0.446,1
0.159,5
0.162,3
0.162,1
0.162,1
0.083,3
0.216,8
0.216,16
0.216,8
0.216,10
0.216,0
0.082,2
0.082,3
0.268,0
0.268,2
0.180,2
0.057,10
0.057,9
0.139,10
0.139,7
0.139,4
0.139,10
0.139,3
0.139,0
0.197,1
0.197,0
0.082,2
0.082,2
0.315,1
0.168,2
0.168,1
0.087,23
0.087,1
0.026,1
0.092,4
0.152,2
0.159,5
0.159,2
0.159,1
0.159,5
0.156,3
0.163,3
0.163,4
0.163,3
0.095,2
0.095,2
0.131,0
0.027,3
0.287,1
0.287,2
0.287,5
0.287,2
0.287,2
0.287,1
0.287,1
0.155,3
0.155,3
0.135,1
0.175,6
0.175,3
0.175,3
0.175,5
0.111,3
0.333,1
0.333,1
0.159,12
0.159,7
0.159,8
0.159,10
0.159,7
0.159,10
0.159,1
0.159,4
0.070,3
0.157,0
0.157,0
0.288,5
0.288,2
0.288,2
0.288,3
0.237,4
0.044,10
0.044,11
0.268,0
0.042,12
0.042,9
0.276,1
0.230,18
0.411,0
0.192,0
0.172,3
0.172,7
0.172,1
0.172,1
0.068,3
0.068,3
0.021,5
0.169,2
0.178,5
0.087,1
0.087,4
0.087,3
0.243,1
0.285,0
0.282,6
0.282,12
0.282,14
0.282,2
0.282,10
0.282,15
0.282,4
0.282,1
0.278,1
0.054,11
0.054,12
0.054,27
0.054,21
0.054,22
0.105,0
0.276,1
0.138,6
0.138,2
0.138,3
0.138,1
0.226,4
0.226,2
0.226,3
0.195,1
0.195,5
0.195,0
0.195,1
0.195,2
0.195,2
0.187,1
0.178,1
0.149,3
0.149,3
0.149,6
0.149,4
0.149,9
0.149,1
0.149,2
0.063,4
0.063,4
0.063,3
0.063,9
0.063,1
0.063,4
0.237,4
0.237,4
0.235,6
0.235,2
0.235,5
0.235,1
0.235,3
0.235,2
0.235,1
0.101,3
0.101,5
0.101,3
0.101,3
0.171,3
0.171,2
0.171,5
0.171,4
0.122,6
0.363,2
0.363,4
0.363,1
0.363,2
0.363,2
0.224,9
0.224,5
0.224,5
0.224,2
0.224,4
0.224,2
0.224,9
0.224,2
0.224,3
0.224,2
0.224,3
0.224,5
0.224,2
0.224,3
0.224,3
0.224,1
0.224,3
0.224,3
0.224,2
0.224,1
0.057,11
0.057,1
0.057,16
0.057,8
0.057,8
0.186,1
0.186,1
0.186,3
0.186,3
0.186,8
0.186,8
0.186,24
0.186,2
0.186,2
0.186,1
0.186,3
0.186,1
0.192,7
0.230,3
0.112,2
0.112,2
0.112,10
0.112,5
0.112,4
0.112,2
0.187,4
0.187,2
0.187,2
0.187,3
0.187,1
0.187,2
0.187,4
0.187,3
0.187,1
0.135,5
0.162,3
0.162,1
0.162,0
0.070,1
0.100,2
0.100,5
0.097,6
0.106,0
0.106,0
0.064,3
0.064,2
0.064,2
0.064,1
0.064,2
0.064,2
0.338,1
0.026,8
0.026,7
0.026,5
0.026,18
0.210,1
0.074,8
0.074,5
0.150,1
0.150,5
0.150,2
0.197,4
0.197,2
0.197,1
0.097,2
0.097,3
0.135,0
0.135,0
0.135,0
0.135,0
0.135,0
0.061,1
0.282,2
0.085,10
0.085,8
0.085,3
0.085,6
0.183,1
0.183,4
0.183,1
0.138,1
0.192,1
0.300,1
0.137,2
0.178,1
0.103,1
0.103,2
0.103,1
0.161,1
0.173,3
0.484,3
0.484,1
0.484,5
0.126,1
0.145,0
0.194,4
0.075,6
0.092,2
0.092,1
0.213,9
0.177,3
0.331,3
0.331,1
0.331,1
0.331,4
0.331,1
0.331,2
0.331,1
0.047,1
0.047,0
0.271,1
0.049,1
0.181,4
0.181,1
0.181,1
0.181,1
0.181,1
0.303,1
0.047,6
0.047,4
0.047,4
0.047,1
0.229,2
0.130,6
0.070,2
0.079,10
0.079,16
0.079,8
0.079,15
0.061,2
0.248,3
0.248,4
0.248,3
0.335,1
0.134,3
0.134,2
0.134,6
0.226,0
0.104,1
0.104,9
0.104,5
0.242,1
0.113,1
0.113,4
0.113,6
0.113,4
0.262,1
0.262,1
0.262,2
0.262,2
0.173,2
0.173,3
0.173,3
0.073,15
0.073,19
0.291,1
0.211,1
0.152,6
0.096,2
0.086,2
0.135,4
0.135,5
0.135,2
0.135,2
0.135,4
0.078,4
0.078,3
0.078,5
0.078,3
0.078,2
0.078,6
0.140,1
0.361,3
0.198,1
0.105,2
0.162,4
0.162,3
0.202,1
0.200,1
0.200,0
0.165,6
0.077,6
0.077,8
0.077,6
0.077,7
0.345,2
0.184,6
0.184,9
0.184,1
0.184,1
0.161,1
0.296,1
0.053,4
0.053,6
0.053,3
0.053,5
0.053,4
0.053,4
0.248,1
0.281,1
0.213,1
0.042,3
0.135,1
0.159,4
0.159,2
0.159,12
0.159,3
0.159,4
0.159,8
0.137,1
0.095,1
0.062,8
0.062,4
0.062,1
0.062,8
0.062,0
0.062,6
0.062,6
0.062,0
0.069,2
0.069,2
0.069,0
0.139,1
0.137,1
0.214,0
0.011,1
0.214,2
0.057,16
0.057,3
0.057,5
0.057,8
0.057,8
0.057,8
0.053,5
0.053,2
0.138,1
0.221,2
0.221,1
0.221,1
0.221,2
0.286,1
0.113,1
0.179,3
0.179,1
0.179,2
0.179,2
0.179,1
0.174,1
0.174,3
0.174,1
0.174,1
0.174,2
0.174,3
0.174,3
0.174,2
0.174,1
0.174,1
0.174,2
0.174,1
0.174,1
0.174,0
0.174,0
0.174,1
0.174,2
0.174,1
0.174,1
0.174,1
0.174,0
0.174,2
0.023,3
0.023,2
0.023,4
0.023,4
0.023,5
0.023,7
0.023,5
0.023,5
0.023,0
0.023,7
0.023,2
0.023,4
0.111,4
0.085,3
0.085,2
0.073,1
0.111,2
0.064,2
0.179,1
0.170,0
0.170,6
0.213,1
0.140,1
0.066,2
0.066,2
0.066,3
0.066,1
0.233,1
0.081,4
0.081,21
0.081,3
0.081,0
0.081,2
0.081,6
0.081,1
0.152,1
0.139,1
0.157,5
0.104,1
0.057,1
0.101,1
0.101,3
0.095,2
0.167,4
0.128,2
0.153,2
0.153,1
0.153,1
0.153,1
0.153,1
0.153,1
0.182,1
0.104,1
0.288,4
0.288,3
0.288,1
0.288,1
0.217,1
0.182,1
0.141,1
0.067,1
0.074,1
0.074,4
0.074,5
0.074,5
0.074,4
0.074,7
0.074,3
0.074,5
0.074,1
0.074,2
0.074,2
0.074,4
0.074,1
0.074,4
0.074,2
0.074,3
0.074,4
0.074,0
0.074,5
0.074,3
0.074,4
0.074,0
0.074,0
0.060,1
0.094,1
0.137,1
0.095,1
0.224,1
0.229,2
0.275,1
0.191,1
0.043,6
0.043,2
0.043,4
0.085,2
0.085,3
0.085,1
0.085,4
0.085,2
0.085,2
0.085,3
0.085,3
0.085,2
0.085,3
0.095,6
0.095,3
0.095,2
0.095,2
0.058,2
0.107,1
0.107,1
0.107,16
0.156,1
0.109,1
0.142,1
0.255,1
0.173,1
0.173,1
0.052,2
0.052,2
0.163,1
0.135,1
0.244,1
0.126,2
0.295,0
0.295,2
0.295,1
0.110,2
0.110,1
0.110,0
0.087,1
0.117,1
0.198,0
0.086,0
0.140,3
0.140,2
0.227,0
0.100,1
0.063,7
0.181,2
0.181,3
0.057,1
0.136,1
0.066,1
0.066,1
0.104,2
0.104,4
0.104,2
0.104,7
0.104,11
0.104,3
0.104,2
0.149,1
0.219,1
0.152,1
0.040,2
0.129,2
0.075,10
0.266,1
0.038,6
0.053,3
0.069,4
0.150,5
0.036,1
0.087,3
0.311,10
0.311,9
0.311,5
0.311,8
0.169,4
0.169,2
0.047,6
0.043,2
0.034,6
0.073,2
0.077,4
0.061,1
0.054,1
0.150,3
0.041,11
0.202,1
0.055,2
0.042,2
0.045,2
0.238,3
0.238,5
0.166,1
0.047,3
0.153,1
0.028,2
0.129,4
0.046,7
0.046,6
0.054,6
0.042,3
0.042,7
0.087,16
0.087,1
0.105,2
0.111,8
0.051,5
0.145,5
0.384,1
0.384,3
0.384,4
0.384,1
0.384,1
0.384,2
0.384,0
0.384,1
0.128,5
0.058,1
0.059,3
0.057,1
0.035,4
0.198,4
0.220,1
0.220,2
0.149,0
0.076,2
0.076,5
0.061,7
0.101,2
0.147,2
0.343,1
0.042,10
0.091,3
0.251,1
0.251,1
0.251,1
0.251,1
0.251,3
0.251,2
0.251,1
0.251,0
0.251,4
0.244,10
0.061,4
0.072,3
0.051,12
0.055,2
0.052,12
0.049,3
0.151,5
0.151,4
0.151,5
0.057,0
0.040,3
0.143,1
0.136,2
0.095,1
0.061,1
0.176,1
0.045,6
0.042,3
0.055,1
0.042,1
0.054,3
0.049,4
0.052,2
0.033,1
0.047,2
0.133,1
0.086,1
0.053,2
0.037,5
0.038,1
0.030,10
0.035,5
0.030,13
0.030,1
0.067,3
0.084,2
0.079,3
0.039,6
0.045,3
0.058,0
0.116,1
0.142,5
0.142,8
0.142,2
0.111,4
0.125,2
0.125,3
0.121,3
0.087,1
0.024,3
0.155,1
0.039,8
0.134,6
0.065,2
0.065,3
0.272,0
0.272,3
0.272,0
0.272,0
0.272,7
0.074,4
0.059,4
0.081,6
0.081,5
0.235,2
0.077,2
0.036,4
0.041,14
0.065,2
0.031,5
0.305,1
0.135,5
0.135,2
0.066,4
0.066,3
0.066,3
0.142,6
0.166,3
0.313,3
0.311,7
0.311,3
0.311,3
0.243,10
0.118,1
0.167,3
0.167,1
0.264,3
0.240,1
0.170,3
0.170,2
0.170,5
0.204,6
0.204,5
0.204,1
0.204,1
0.204,6
0.253,4
0.135,1
0.279,1
0.430,3
0.430,0
0.430,1
0.430,1
0.430,1
0.430,1
0.430,5
0.430,7
0.430,9
0.430,2
0.430,1
0.211,7
0.211,1
0.211,3
0.211,5
0.211,1
0.211,19
0.211,14
0.211,2
0.211,1
0.215,3
0.204,2
0.204,7
0.204,4
0.204,2
0.204,1
0.204,1
0.311,3
0.197,3
0.197,3
0.197,4
0.197,4
0.197,13
0.197,4
0.197,3
0.197,6
0.197,10
0.197,12
0.197,6
0.197,3
0.197,5
0.197,7
0.197,1
0.197,10
0.197,3
0.197,2
0.189,6
0.189,4
0.189,8
0.189,6
0.189,8
0.189,5
0.189,13
0.189,5
0.189,6
0.189,10
0.189,2
0.189,7
0.189,9
0.189,8
0.189,7
0.189,4
0.189,12
0.189,5
0.189,11
0.189,8
0.189,9
0.189,6
0.189,6
0.189,9
0.189,16
0.189,11
0.189,7
0.189,14
0.189,6
0.189,25
0.189,1
0.189,5
0.189,9
0.189,6
0.189,7
0.189,2
0.189,8
0.189,5
0.189,1
0.189,9
0.189,1
0.189,2
0.189,1
0.189,2
0.189,2
0.274,1
0.274,1
0.177,5
0.177,1
0.177,2
0.177,1
0.256,7
0.256,3
0.256,4
0.131,3
0.131,2
0.131,4
0.131,2
0.131,13
0.131,1
0.131,7
0.131,8
0.131,2
0.203,5
0.203,4
0.203,3
0.203,8
0.203,6
0.203,2
0.203,5
0.203,1
0.203,2
0.203,1
0.247,12
0.247,3
0.247,1
0.238,4
0.238,4
0.238,12
0.238,6
0.238,7
0.238,2
0.238,14
0.238,4
0.238,4
0.238,10
0.238,3
0.238,1
0.238,4
0.238,1
0.238,2
0.238,11
0.238,8
0.238,11
0.238,4
0.238,9
0.238,4
0.238,13
0.238,9
0.238,3
0.238,6
0.238,8
0.238,11
0.238,3
0.238,4
0.238,18
0.238,7
0.238,16
0.238,3
0.238,15
0.238,20
0.238,3
0.238,17
0.238,4
0.238,4
0.238,12
0.238,21
0.238,3
0.238,3
0.238,6
0.238,26
0.238,10
0.238,6
0.238,15
0.238,10
0.238,12
0.238,21
0.238,7
0.238,7
0.238,5
0.238,9
0.238,1
0.238,4
0.238,2
0.238,2
0.238,4
0.238,7
0.238,8
0.238,3
0.238,6
0.238,2
0.238,6
0.238,0
0.238,11
0.238,24
0.238,8
0.238,9
0.238,2
0.238,5
0.238,7
0.238,1
0.238,2
0.238,7
0.238,2
0.238,2
0.238,3
0.238,5
0.238,0
0.238,2
0.238,2
0.238,8
0.238,2
0.238,1
0.238,2
0.238,4
0.372,3
0.245,0
0.245,7
0.245,1
0.245,3
0.245,14
0.245,8
0.245,4
0.245,3
0.245,29
0.245,5
0.245,9
0.245,4
0.245,9
0.245,2
0.245,1
0.245,4
0.245,2
0.245,6
0.245,13
0.245,4
0.245,4
0.245,3
0.245,13
0.245,1
0.245,0
0.245,0
0.295,5
0.295,10
0.295,3
0.295,4
0.295,11
0.295,1
0.295,4
0.295,2
0.228,9
0.228,4
0.541,1
0.236,2
0.254,1
0.435,2
0.307,3
0.307,2
0.364,5
0.364,2
0.201,4
0.201,9
0.201,5
0.201,6
0.201,5
0.201,1
0.342,4
0.342,3
0.342,2
0.209,6
0.209,3
0.209,8
0.209,6
0.209,9
0.209,8
0.209,16
0.209,4
0.209,9
0.209,4
0.209,6
0.209,7
0.209,6
0.209,12
0.209,9
0.209,3
0.209,14
0.209,7
0.209,5
0.209,17
0.209,7
0.209,12
0.209,16
0.209,3
0.209,6
0.209,14
0.209,4
0.209,8
0.209,4
0.209,2
0.209,2
0.209,4
0.240,2
0.240,1
0.179,7
0.179,8
0.179,2
0.235,4
0.235,1
0.235,1
0.235,1
0.235,1
0.683,0
0.278,1
0.217,7
0.217,4
0.217,7
0.217,6
0.217,3
0.217,9
0.217,12
0.217,8
0.217,3
0.186,13
0.186,8
0.186,4
0.186,8
0.186,1
0.186,8
0.186,10
0.186,5
0.186,8
0.186,3
0.186,2
0.186,4
0.186,5
0.186,4
0.186,2
0.186,5
0.186,1
0.186,1
0.186,1
0.199,9
0.199,8
0.199,3
0.199,1
0.199,11
0.199,12
0.199,5
0.298,1
0.298,1
0.198,2
0.385,1
0.175,1
0.175,5
0.175,5
0.175,1
0.175,1
0.175,7
0.284,2
0.284,8
0.284,6
0.284,3
0.284,3
0.284,3
0.284,9
0.161,10
0.161,11
0.161,11
0.161,1
0.170,4
0.170,5
0.170,3
0.124,1
0.124,2
0.124,6
0.124,3
0.154,1
0.154,9
0.154,5
0.154,5
0.154,7
0.154,1
0.283,4
0.219,19
0.219,16
0.219,11
0.219,10
0.219,6
0.219,11
0.219,21
0.219,14
0.219,15
0.219,3
0.219,15
0.219,18
0.219,22
0.219,16
0.219,23
0.219,1
0.219,9
0.219,2
0.219,13
0.219,5
0.219,10
0.219,15
0.219,1
0.219,4
0.219,7
0.219,1
0.219,1
0.219,10
0.191,9
0.191,5
0.191,11
0.191,6
0.191,1
0.191,2
0.191,12
0.191,14
0.191,5
0.191,4
0.191,6
0.191,1
0.191,2
0.191,0
0.163,10
0.163,19
0.163,9
0.163,7
0.163,15
0.163,5
0.163,12
0.163,5
0.163,3
0.163,3
0.163,3
0.163,10
0.163,1
0.163,4
0.163,9
0.163,12
0.163,18
0.163,9
0.163,3
0.163,9
0.163,8
0.163,13
0.163,9
0.163,15
0.163,7
0.163,1
0.163,0
0.163,5
0.163,2
0.190,4
0.190,4
0.190,7
0.190,2
0.190,12
0.190,3
0.190,8
0.190,4
0.190,9
0.190,1
0.190,9
0.190,8
0.190,3
0.190,1
0.190,0
0.190,2
0.184,8
0.184,10
0.184,7
0.184,5
0.184,4
0.184,8
0.184,12
0.184,5
0.184,4
0.184,11
0.184,8
0.184,5
0.184,10
0.184,8
0.184,19
0.184,17
0.184,2
0.276,10
0.276,4
0.276,0
0.276,5
0.276,16
0.276,5
0.276,6
0.276,7
0.276,7
0.276,8
0.276,3
0.276,8
0.276,5
0.276,4
0.276,13
0.276,2
0.276,2
0.420,2
0.420,1
0.420,0
0.420,3
0.420,1
0.132,9
0.132,2
0.132,5
0.132,5
0.132,4
0.132,1
0.139,9
0.139,7
0.139,11
0.139,12
0.139,4
0.139,1
0.139,5
0.139,5
0.139,2
0.139,1
0.146,34
0.146,30
0.146,8
0.146,26
0.146,9
0.146,18
0.146,4
0.146,16
0.146,14
0.146,8
0.078,6
0.078,13
0.078,2
0.078,14
0.078,14
0.078,12
0.078,8
0.203,6
0.203,9
0.203,4
0.203,7
0.203,5
0.203,0
0.203,1
0.203,4
0.184,3
0.184,3
0.184,4
0.184,1
0.307,4
0.307,2
0.307,1
0.366,3
0.193,1
0.248,8
0.248,12
0.248,3
0.248,28
0.248,6
0.248,4
0.248,5
0.248,4
0.248,12
0.248,4
0.248,1
0.166,7
0.269,2
0.269,2
0.269,4
0.287,1
0.287,1
0.259,2
0.259,1
0.259,5
0.289,1
0.348,4
0.348,5
0.348,3
0.348,1
0.348,1
0.348,1
0.348,2
0.385,5
0.199,2
0.171,2
0.171,2
0.196,1
0.196,1
0.196,2
0.344,0
0.293,0
0.396,1
0.396,1
0.396,1
0.396,1
0.396,1
0.396,2
0.195,2
0.090,3
0.102,4
0.102,6
0.250,1
0.255,4
0.168,1
0.175,1
0.249,1
0.249,1
0.190,1
0.197,2
0.161,2
0.161,1
0.272,0
0.272,0
0.272,7
0.272,0
0.272,2
0.272,5
0.272,0
0.272,2
0.272,1
0.087,7
0.087,3
0.087,7
0.087,6
0.087,9
0.087,5
0.120,1
0.304,1
0.304,3
0.255,2
0.255,4
0.255,3
0.255,1
0.255,2
0.255,9
0.255,0
0.255,7
0.265,1
0.114,1
0.114,1
0.114,4
0.114,1
0.114,1
0.114,1
0.114,1
0.114,3
0.114,5
0.320,2
0.293,1
0.079,2
0.079,3
0.079,5
0.079,3
0.298,3
0.142,8
0.142,8
0.142,10
0.299,1
0.219,2
0.135,1
0.068,3
0.285,0
0.285,0
0.285,0
0.285,0
0.285,0
0.285,0
0.285,0
0.285,0
0.285,0
0.285,0
0.285,0
0.285,0
0.285,0
0.285,0
0.285,0
0.285,0
0.285,0
0.285,0
0.285,0
0.285,0
0.285,0
0.251,1
0.425,2
0.425,10
0.172,5
0.172,1
0.172,5
0.172,1
0.172,1
0.172,2
0.218,1
0.121,2
0.121,6
0.121,3
0.306,1
0.359,1
0.251,1
0.074,6
0.074,4
0.074,2
0.074,3
0.074,3
0.232,2
0.232,2
0.232,2
0.232,2
0.050,5
0.050,9
0.050,13
0.050,13
0.050,13
0.050,1
0.173,1
0.173,1
0.173,10
0.173,6
0.173,1
0.173,5
0.173,1
0.173,2
0.173,15
0.173,6
0.173,15
0.173,10
0.173,1
0.173,11
0.173,0
0.173,5
0.237,4
0.253,1
0.200,0
0.278,3
0.278,2
0.172,1
0.172,3
0.261,1
0.258,1
0.349,0
0.349,0
0.154,6
0.154,13
0.154,12
0.154,18
0.154,6
0.154,8
0.154,11
0.154,6
0.154,18
0.154,24
0.154,3
0.154,14
0.154,18
0.154,16
0.154,22
0.154,27
0.154,17
0.154,10
0.154,11
0.154,1
0.154,6
0.181,6
0.172,3
0.172,2
0.172,5
0.172,1
0.172,2
0.172,5
0.241,0
0.112,0
0.285,1
0.140,1
0.140,0
0.140,3
0.140,3
0.140,2
0.140,0
0.140,3
0.140,0
0.140,1
0.140,0
0.140,0
0.188,3
0.188,2
0.188,2
0.188,3
0.188,2
0.248,1
0.149,4
0.149,1
0.238,1
0.264,3
0.065,1
0.348,2
0.160,2
0.256,0
0.120,1
0.242,1
0.242,1
0.260,1
0.209,1
0.201,1
0.502,0
0.214,0
0.184,3
0.303,1
0.373,2
0.172,1
0.190,6
0.311,2
0.311,8
0.311,1
0.311,2
0.311,4
0.311,2
0.204,7
0.204,7
0.204,5
0.204,6
0.066,4
0.066,7
0.207,0
0.114,2
0.114,1
0.114,1
0.114,1
0.308,0
0.194,4
0.117,1
0.257,2
0.257,1
0.309,1
0.301,1
0.218,2
0.355,1
0.355,2
0.355,5
0.355,1
0.355,1
0.355,2
0.355,1
0.355,1
0.182,8
0.182,3
0.182,1
0.305,3
0.298,1
0.363,1
0.275,1
0.373,1
0.335,1
0.381,2
0.160,2
0.336,2
0.294,2
0.354,2
0.237,4
0.065,1
0.462,1
0.206,4
0.294,0
0.380,4
0.244,2
0.247,2
0.175,1
0.175,2
0.175,1
0.538,1
0.373,1
0.303,2
0.248,1
0.248,1
0.248,1
0.333,1
0.124,2
0.124,1
0.124,1
0.124,1
0.124,2
0.124,1
0.124,1
0.124,1
0.124,1
0.124,1
0.124,1
0.124,2
0.124,2
0.124,1
0.124,1
0.124,6
0.124,5
0.124,2
0.124,2
0.124,1
0.124,1
0.124,6
0.124,1
0.124,3
0.124,4
0.124,3
0.124,1
0.124,2
0.124,0
0.124,0
0.124,1
0.124,1
0.124,1
0.124,1
0.124,3
0.124,1
0.124,0
0.124,1
0.287,2
0.216,1
0.093,1
0.177,1
0.218,5
0.138,1
0.209,1
0.085,6
0.123,19
0.123,3
0.123,4
0.123,14
0.300,3
0.217,1
0.269,4
0.145,1
0.145,1
0.145,2
0.141,2
0.141,0
0.256,1
0.241,1
0.150,3
0.150,3
0.205,1
0.619,1
0.199,1
0.099,1
0.161,1
0.121,1
0.111,1
0.191,1
0.115,1
0.295,1
0.136,1
0.200,0
0.199,1
0.139,2
0.172,1
0.205,1
0.207,1
0.154,4
0.154,3
0.154,2
0.104,3
0.188,2
0.623,1
0.238,1
0.089,1
0.155,2
0.168,2
0.168,1
0.168,2
0.151,1
0.170,9
0.173,4
0.182,2
0.050,3
0.088,0
0.088,0
0.088,0
0.088,6
0.088,0
0.088,0
0.088,0
0.088,0
0.106,1
0.137,2
0.195,1
0.190,1
0.190,1
0.190,1
0.173,1
0.094,1
0.183,1
0.183,1
0.149,1
0.235,2
0.164,7
0.164,4
0.164,10
0.174,2
0.196,1
0.061,1
0.106,1
0.276,1
0.124,3
0.157,1
0.098,1
0.148,1
0.130,7
0.176,1
0.176,1
0.196,2
0.182,1
0.139,3
0.126,1
0.172,2
0.132,1
0.151,1
0.101,2
0.223,1
0.171,1
0.095,3
0.266,1
0.271,2
0.101,1
0.194,2
0.136,1
0.275,1
0.181,1
0.221,1
0.170,2
0.096,1
0.118,1
0.138,1
0.140,1
0.231,1
0.318,1
0.118,2
0.145,1
0.178,5
0.115,1
0.093,1
0.164,1
0.194,1
0.232,1
0.148,2
0.242,1
0.242,4
0.267,1
0.252,1
0.128,1
0.135,1
0.188,1
0.296,3
0.069,1
0.281,1
0.050,2
0.050,3
0.179,1
0.107,2
0.217,2
0.078,9
0.078,7
0.078,11
0.078,8
0.078,5
0.078,4
0.150,1
0.207,2
0.199,5
0.087,1
0.163,1
0.301,4
0.185,6
0.070,1
0.068,24
0.059,4
0.054,1
0.084,1
0.198,1
0.169,4
0.169,4
0.118,1
0.118,2
0.142,1
0.269,1
0.155,1
0.346,2
0.346,2
0.247,3
0.191,2
0.191,2
0.191,2
0.226,1
0.120,2
0.190,1
0.190,2
0.190,6
0.190,3
0.047,1
0.156,2
0.194,1
0.070,2
0.523,1
0.141,1
0.141,1
0.242,1
0.200,1
0.391,1
0.116,10
0.116,12
0.116,8
0.174,1
0.149,2
0.105,3
0.105,4
0.105,5
0.257,2
0.160,2
0.148,1
0.128,0
0.276,3
0.083,1
0.135,1
0.202,8
0.202,8
0.220,1
0.202,1
0.271,2
0.271,16
0.271,4
0.271,6
0.271,4
0.271,2
0.271,2
0.271,20
0.271,4
0.271,19
0.271,4
0.271,2
0.271,2
0.271,11
0.271,8
0.271,8
0.271,4
0.271,20
0.271,6
0.271,4
0.271,6
0.271,20
0.271,14
0.271,2
0.271,2
0.271,2
0.271,1
0.271,4
0.271,6
0.271,2
0.271,1
0.271,2
0.271,1
0.271,2
0.271,4
0.271,6
0.271,4
0.271,2
0.271,2
0.271,2
0.271,1
0.271,1
0.271,0
0.271,0
0.271,1
0.271,0
0.271,2
0.271,0
0.271,3
0.271,3
0.271,0
0.271,4
0.271,1
0.271,1
0.271,3
0.271,1
0.271,2
0.271,0
0.176,1
0.109,1
0.115,1
0.165,1
0.069,1
0.195,1
0.044,2
0.176,1
0.212,1
0.105,1
0.168,1
0.112,1
0.176,3
0.045,6
0.045,10
0.045,5
0.045,9
0.213,1
0.317,4
0.317,3
0.176,2
0.183,1
0.165,0
0.115,1
0.165,5
0.059,4
0.059,5
0.065,10
0.207,2
0.202,1
0.096,1
0.167,1
0.241,1
0.107,1
0.149,1
0.206,3
0.113,3
0.150,1
0.069,5
0.179,1
0.252,1
0.143,4
0.143,4
0.143,1
0.143,6
0.143,9
0.027,1
0.104,5
0.104,4
0.041,9
0.071,0
0.157,2
0.080,1
0.070,2
0.077,18
0.110,2
0.104,3
0.144,1
0.089,1
0.180,1
0.111,1
0.167,1
0.061,4
0.240,1
0.139,1
0.103,1
0.267,1
0.076,1
0.091,3
0.062,37
0.092,4
0.221,1
0.082,6
0.082,6
0.082,4
0.082,8
0.278,5
0.069,14
0.096,2
0.042,3
0.042,3
0.220,1
0.139,1
0.140,1
0.144,1
0.199,1
0.225,2
0.195,2
0.182,1
0.286,1
0.153,4
0.294,1
0.127,1
0.119,1
0.204,1
0.222,5
0.076,1
0.125,1
0.152,1
0.040,15
0.040,22
0.173,1
0.059,13
0.059,5
0.067,8
0.049,9
0.291,1
0.028,4
0.174,1
0.060,2
0.107,5
0.215,1
0.127,1
0.188,7
0.183,2
0.154,2
0.055,2
0.229,1
0.137,2
0.137,2
0.259,2
0.196,1
0.121,1
0.167,1
0.031,14
0.064,9
0.038,10
0.170,3
0.179,1
0.270,1
0.291,1
0.086,9
0.139,1
0.080,1
0.128,2
0.128,2
0.076,1
0.026,10
0.026,5
0.132,6
0.166,4
0.027,4
0.027,7
0.027,2
0.093,2
0.206,3
0.065,4
0.053,26
0.211,3
0.450,1
0.099,5
0.099,10
0.099,4
0.126,1
0.051,5
0.083,1
0.208,1
0.191,1
0.071,2
0.055,1
0.243,1
0.262,2
0.081,3
0.081,3
0.083,1
0.161,1
0.148,1
0.125,1
0.042,4
0.190,1
0.036,6
0.162,2
0.178,2
0.066,2
0.094,1
0.105,1
0.104,0
0.042,1
0.199,48
0.199,34
0.167,2
0.098,1
0.093,1
0.249,6
0.044,13
0.044,13
0.088,1
0.192,1
0.109,2
0.037,14
0.082,1
0.125,26
0.125,32
0.318,1
0.109,4
0.046,8
0.046,10
0.180,7
0.041,11
0.188,1
0.080,1
0.106,3
0.100,1
0.169,1
0.043,2
0.050,3
0.050,5
0.172,2
0.084,9
0.084,14
0.084,8
0.084,12
0.084,19
0.205,1
0.237,1
0.150,1
0.187,1
0.105,1
0.166,1
0.139,1
0.130,1
0.086,3
0.152,1
0.313,2
0.313,4
0.313,3
0.180,1
0.061,0
0.186,2
0.133,2
0.129,1
0.212,1
0.053,3
0.053,3
0.053,4
0.053,4
0.114,1
0.213,1
0.090,4
0.145,1
0.194,1
0.028,24
0.129,1
0.072,1
0.207,1
0.263,1
0.263,1
0.263,2
0.116,1
0.263,1
0.183,1
0.133,5
0.092,2
0.266,3
0.266,4
0.266,3
0.115,7
0.072,7
0.179,1
0.066,1
0.137,1
0.119,3
0.048,2
0.213,1
0.244,2
0.114,1
0.267,3
0.267,1
0.267,3
0.267,1
0.178,2
0.220,1
0.174,1
0.234,1
0.118,1
0.145,1
0.193,1
0.146,1
0.105,1
0.131,1
0.081,2
0.185,1
0.290,2
0.161,1
0.376,1
0.376,4
0.376,2
0.053,7
0.053,9
0.064,2
0.041,1
0.134,2
0.126,1
0.141,1
0.123,1
0.137,1
0.242,5
0.146,1
0.072,2
0.144,1
0.170,5
0.054,1
0.230,2
0.230,3
0.359,1
0.359,2
0.359,1
0.141,1
0.102,1
0.039,1
0.083,1
0.096,1
0.117,1
0.188,1
0.250,2
0.119,3
0.119,1
0.030,1
0.208,1
0.209,1
0.123,10
0.168,1
0.066,9
0.121,1
0.141,1
0.053,6
0.051,1
0.067,4
0.204,7
0.136,1
0.265,2
0.282,2
0.044,20
0.044,10
0.044,14
0.110,1
0.093,6
0.172,1
0.071,15
0.071,13
0.259,1
0.175,2
0.167,2
0.052,6
0.146,1
0.128,1
0.190,1
0.181,2
0.086,6
0.086,5
0.259,2
0.163,2
0.052,8
0.158,1
0.202,1
0.064,4
0.504,2
0.259,1
0.259,1
0.265,2
0.446,3
0.273,1
0.055,7
0.287,1
0.153,4
0.153,6
0.092,1
0.225,5
0.160,1
0.140,1
0.174,10
0.174,16
0.151,1
0.122,2
0.132,1
0.109,1
0.170,3
0.170,2
0.114,2
0.160,2
0.044,5
0.129,1
0.167,2
0.032,11
0.084,1
0.150,1
0.054,6
0.144,2
0.125,3
0.140,4
0.083,2
0.211,1
0.103,3
0.202,1
0.111,1
0.103,2
0.063,1
0.184,3
0.088,3
0.126,1
0.124,1
0.272,1
0.199,2
0.061,4
0.055,2
0.132,1
0.130,2
0.174,1
0.104,8
0.017,10
0.239,1
0.239,2
0.239,1
0.239,1
0.627,1
0.272,1
0.161,1
0.145,2
0.236,1
0.125,3
0.135,2
0.178,3
0.062,1
0.080,2
0.255,1
0.093,1
0.093,1
0.249,1
0.203,3
0.203,4
0.257,2
0.168,1
0.244,1
0.244,1
0.244,4
0.244,2
0.244,1
0.244,1
0.079,2
0.203,0
0.130,1
0.290,4
0.290,1
0.290,1
0.290,2
0.215,2
0.142,3
0.141,2
0.109,4
0.176,1
0.100,1
0.151,2
1.055,1
1.055,2
0.131,10
0.175,1
0.175,4
0.093,2
0.176,1
0.080,3
0.192,2
0.137,2
0.102,1
0.172,2
0.248,1
0.062,1
0.289,2
0.289,2
0.289,2
0.289,4
0.059,1
0.105,3
0.131,1
0.102,2
0.131,2
0.228,1
0.146,2
0.644,2
0.644,1
0.644,1
0.644,2
0.644,0
0.644,1
0.644,1
0.644,1
0.178,1
0.243,2
0.182,1
0.121,2
0.231,1
0.290,2
0.277,3
0.070,10
0.387,1
0.126,3
0.170,4
0.121,1
0.107,1
0.168,1
0.188,2
0.146,2
0.103,1
0.212,4
0.190,0
0.131,1
0.441,2
0.090,1
0.157,1
0.354,1
0.079,4
0.108,1
0.115,2
0.215,10
0.179,1
0.180,2
0.081,1
0.123,1
0.159,2
0.116,2
0.083,3
0.049,4
0.166,1
0.342,4
0.055,4
0.205,1
0.143,3
0.143,4
0.217,1
0.113,2
0.117,2
0.052,5
0.189,3
0.261,1
0.169,2
0.249,2
0.204,1
0.149,3
0.144,1
0.117,0
0.128,1
0.078,1
0.159,1
0.080,2
0.158,1
0.039,1
0.074,3
0.272,1
0.265,1
0.181,1
0.092,2
0.046,5
0.126,2
0.124,1
0.112,3
0.233,1
0.206,1
0.242,1
0.086,18
0.167,5
0.167,3
0.238,4
0.137,1
0.221,10
0.127,1
0.058,4
0.058,1
0.058,1
0.058,1
0.163,3
0.105,1
0.179,6
0.178,1
0.160,1
0.099,1
0.099,1
0.160,2
0.121,2
0.295,2
0.120,1
0.182,2
0.204,12
0.103,3
0.189,1
0.199,1
0.234,1
0.184,1
0.129,1
0.130,6
0.215,1
0.080,1
0.652,1
0.374,1
0.083,4
0.142,2
0.096,1
0.094,1
0.152,1
0.196,1
0.133,1
0.167,1
0.167,10
0.163,1
0.071,1
0.034,11
0.034,28
0.042,2
0.234,1
0.181,3
0.141,1
0.162,1
0.096,1
0.169,1
0.190,2
0.216,1
0.234,1
0.145,2
0.085,4
0.202,2
0.175,1
0.122,4
0.122,4
0.134,1
0.126,1
0.100,4
0.132,1
0.136,2
0.139,1
0.067,3
0.118,1
0.149,4
0.165,1
0.230,8
0.230,7
0.230,3
0.268,2
0.186,5
0.101,1
0.101,2
0.133,2
0.239,9
0.082,1
0.082,3
0.082,1
0.128,0
0.256,1
0.201,14
0.245,9
0.245,1
0.245,1
0.093,6
0.097,2
0.097,4
0.139,3
0.195,1
0.091,2
0.176,1
0.044,5
0.238,1
0.125,1
0.208,2
0.122,1
0.100,2
0.125,1
0.076,3
0.103,2
0.079,1
0.160,2
0.069,1
0.113,1
0.075,1
0.093,2
0.071,3
0.064,1
0.099,2
0.036,2
0.143,1
0.053,1
0.088,2
0.143,1
0.125,1
0.074,8
0.113,2
0.033,0
0.033,0
0.096,1
0.130,1
0.123,1
0.121,1
0.067,1
0.049,2
0.108,1
0.089,1
0.161,2
0.097,1
0.161,1
0.059,3
0.069,11
0.095,1
0.028,3
0.107,5
0.091,1
0.089,1
0.087,1
0.237,2
0.059,1
0.059,6
0.110,1
0.107,2
0.040,2
0.105,2
0.069,3
0.069,1
0.130,4
0.130,4
0.130,5
0.031,7
0.207,0
0.068,1
0.088,1
0.082,2
0.088,3
0.102,1
0.228,1
0.206,3
0.086,3
0.106,3
0.108,2
0.140,3
0.044,5
0.105,3
0.191,1
0.059,12
0.063,1
0.077,1
0.140,1
0.135,1
0.167,8
0.167,4
0.171,3
0.029,7
0.044,1
0.195,12
0.195,2
0.195,1
0.239,1
0.045,2
0.103,3
0.051,2
0.190,2
0.190,2
0.190,1
0.190,1
0.190,2
0.055,3
0.119,3
0.119,12
0.087,1
0.052,2
0.114,1
0.054,1
0.080,2
0.170,0
0.137,1
0.126,3
0.098,1
0.111,1
0.175,1
0.169,2
0.170,2
0.189,1
0.074,1
0.081,2
0.069,2
0.035,5
0.124,0
0.080,2
0.076,1
0.100,1
0.092,1
0.147,1
0.068,3
0.105,1
0.059,1
0.131,2
0.078,2
0.051,1
0.164,3
0.062,1
0.083,1
0.099,2
0.064,2
0.056,1
0.104,6
0.104,4
0.104,3
0.104,0
0.080,1
0.121,1
0.030,6
0.135,2
0.102,1
0.046,5
0.234,4
0.151,1
0.091,1
0.118,2
0.055,1
0.266,1
0.049,1
0.086,2
0.071,5
0.103,2
0.082,1
0.051,1
0.067,1
0.086,1
0.101,1
0.063,4
0.089,1
0.154,1
0.170,1
0.145,2
0.093,2
0.070,3
0.171,5
0.049,1
0.134,6
0.064,4
0.083,2
0.171,1
0.190,2
0.127,3
0.136,1
0.078,1
0.117,1
0.205,1
0.129,1
0.036,2
0.137,1
0.144,10
0.085,2
0.061,1
0.135,1
0.108,1
0.107,1
0.092,1
0.095,1
0.024,9
0.056,2
0.091,1
0.041,3
0.108,1
0.025,6
0.234,1
0.070,1
0.174,1
0.120,1
0.157,1
0.163,2
0.088,2
0.043,0
0.146,9
0.029,8
0.075,1
0.151,1
0.110,1
0.053,2
0.113,2
0.129,1
0.117,1
0.105,1
0.115,1
0.138,1
0.065,1
0.165,2
0.165,3
0.165,2
0.047,1
0.055,1
0.152,1
0.058,6
0.057,0
0.092,1
0.075,4
0.041,1
0.047,1
0.160,2
0.133,2
0.092,1
0.095,1
0.060,1
0.027,1
0.052,1
0.195,1
0.069,2
0.053,8
0.209,2
0.021,1
0.104,1
0.126,1
0.118,1
0.108,3
0.105,1
0.131,1
0.199,2
0.199,3
0.028,19
0.048,5
0.119,1
0.069,1
0.054,1
0.155,1
0.120,1
0.082,12
0.197,1
0.086,1
0.073,1
0.093,2
0.082,1
0.082,0
0.055,0
0.059,2
0.052,2
0.092,1
0.085,3
0.090,1
0.057,1
0.038,1
0.081,1
0.101,1
0.057,1
0.119,1
0.098,1
0.178,1
0.112,1
0.136,1
0.147,1
0.168,1
0.252,1
0.118,1
0.173,1
0.240,1
0.155,1
0.149,1
0.130,1
0.178,1
0.116,1
0.125,1
0.064,9
0.156,1
0.150,1
0.054,1
0.054,2
0.219,1
0.132,1
0.089,1
0.030,1
0.194,1
0.081,1
0.085,1
0.116,6
0.131,1
0.106,1
0.087,1
0.094,1
0.233,1
0.081,1
0.187,0
0.123,1
0.067,1
0.284,2
0.229,1
0.251,1
0.313,1
0.086,1
0.076,2
0.134,1
0.134,1
0.166,1
0.138,1
0.253,1
0.111,1
0.211,1
0.142,2
0.229,1
0.145,1
0.119,1
0.114,6
0.033,1
0.033,3
0.045,1
0.148,2
0.148,1
0.093,1
0.185,1
0.206,1
0.026,4
0.150,1
0.102,1
0.151,1
0.316,1
0.081,1
0.094,1
0.185,2
0.268,1
0.150,1
0.156,1
0.059,3
0.193,1
0.173,1
0.057,1
0.057,4
0.195,1
0.196,2
0.161,1
0.104,1
0.188,1
0.197,1
0.046,2
0.104,2
0.137,1
0.101,1
0.127,1
0.275,1
0.267,1
0.179,1
0.150,1
0.136,1
0.207,1
0.246,1
0.116,1
0.229,1
0.105,1
0.254,5
0.254,1
0.254,1
0.254,1
0.176,1
0.176,1
0.165,1
0.183,1
0.114,1
0.164,1
0.105,1
0.211,1
0.058,4
0.117,4
0.117,4
0.201,3
0.136,1
0.163,1
0.166,1
0.179,1
0.075,1
0.046,2
0.111,1
0.139,2
0.226,1
0.064,4
0.064,6
0.117,6
0.140,5
0.104,1
0.131,1
0.085,2
0.073,2
0.107,1
0.181,1
0.080,1
0.103,2
0.162,1
0.129,1
0.127,1
0.139,1
0.239,1
0.061,4
0.061,7
0.061,5
0.061,5
0.061,1
0.134,1
0.158,1
0.151,1
0.124,1
0.102,1
0.089,2
0.271,1
0.148,1
0.114,1
0.061,1
0.206,1
0.129,1
0.145,1
0.173,1
0.111,1
0.079,1
0.079,1
0.119,1
0.112,1
0.095,1
0.103,1
0.173,1
0.186,10
0.186,8
0.086,1
0.058,1
0.095,10
0.095,3
0.095,8
0.095,5
0.095,4
0.088,2
0.026,5
0.026,2
0.029,5
0.029,4
0.029,4
0.029,6
0.029,4
0.124,1
0.105,1
0.094,1
0.149,1
0.075,1
0.064,5
0.224,1
0.224,1
0.099,1
0.164,2
0.161,2
0.150,0
0.227,1
0.075,1
0.061,1
0.151,1
0.063,2
0.254,2
0.254,1
0.254,1
0.254,1
0.254,1
0.254,1
0.254,1
0.254,4
0.073,1
0.182,1
0.183,1
0.318,4
0.284,4
0.225,1
0.225,1
0.139,7
0.282,1
0.207,4
0.167,1
0.180,2
0.246,2
0.246,1
0.359,3
0.028,2
0.359,1
0.091,2
0.091,6
0.091,8
0.091,3
0.152,1
0.197,6
0.221,1
0.122,3
0.168,2
0.256,1
0.111,2
0.111,4
0.111,4
0.125,1
0.200,1
0.238,1
0.213,2
0.088,3
0.369,1
0.321,1
0.321,1
0.349,3
0.297,4
0.297,2
0.297,1
0.200,3
0.494,4
0.150,6
0.359,1
0.301,2
0.228,2
0.160,5
0.160,7
0.300,2
0.194,1
0.171,6
0.215,3
0.241,1
0.184,9
0.184,9
0.184,2
0.184,2
0.184,9
0.184,2
0.184,1
0.184,2
0.184,2
0.272,1
0.354,2
0.354,2
0.354,4
0.292,1
0.182,3
0.182,2
0.039,5
0.188,1
0.228,1
0.282,2
0.203,1
0.218,1
0.284,2
0.240,1
0.235,2
0.152,1
0.157,3
0.157,6
0.157,2
0.226,1
0.470,1
0.207,2
0.286,1
0.241,2
0.194,3
0.170,1
0.232,1
0.232,2
0.181,2
0.228,6
0.228,2
0.228,5
0.228,1
0.228,1
0.228,1
0.228,1
0.228,1
0.228,2
0.228,1
0.228,5
0.228,2
0.228,10
0.228,0
0.228,3
0.228,1
0.228,2
0.197,7
0.197,4
0.230,2
0.104,10
0.104,4
0.104,8
0.363,1
0.378,1
0.191,2
0.286,4
0.286,6
0.339,1
0.454,1
0.333,2
0.347,2
0.269,1
0.248,1
0.218,1
0.171,1
0.157,6
0.157,3
0.157,3
0.352,1
0.184,3
0.152,3
0.381,1
0.258,2
0.306,1
0.159,6
0.378,2
0.197,3
0.106,4
0.187,3
0.531,2
0.279,1
0.212,1
0.278,2
0.153,1
0.121,2
0.121,2
0.349,2
0.294,1
0.218,1
0.042,6
0.042,7
0.042,6
0.268,5
0.314,4
0.144,1
0.360,1
0.208,1
0.263,2
0.263,2
0.300,1
0.300,1
0.208,2
0.154,1
0.266,7
0.266,3
0.144,2
0.220,1
0.231,2
0.140,4
0.279,2
0.253,1
0.118,5
0.131,2
0.131,5
0.199,4
0.314,5
0.082,2
0.214,2
0.235,2
0.204,1
0.173,1
0.089,1
0.175,3
0.175,2
0.175,1
0.175,3
0.175,1
0.177,1
0.344,2
0.148,4
0.129,12
0.426,1
0.426,2
0.426,2
0.130,4
0.145,1
0.145,3
0.145,4
0.179,1
0.214,4
0.214,2
0.214,2
0.214,2
0.214,2
0.383,0
0.383,2
0.383,1
0.383,5
0.202,5
0.202,1
0.202,3
0.202,2
0.202,1
0.202,1
0.202,2
0.296,1
0.376,9
0.376,3
0.376,2
0.376,1
0.376,2
0.376,3
0.324,0
0.324,1
0.273,0
0.331,1
0.331,2
0.331,2
0.290,1
0.290,1
0.290,1
0.348,1
0.348,4
0.348,1
0.348,1
0.291,1
0.291,2
0.291,6
0.291,3
0.291,1
0.240,1
0.240,1
0.203,1
0.301,1
0.150,3
0.450,4
0.371,1
4.189,0
0.183,0
0.244,2
0.244,1
0.244,1
0.244,1
0.244,2
0.244,1
0.293,7
0.155,5
0.155,3
0.210,1
0.210,1
0.324,2
0.327,1
0.309,1
0.309,1
0.163,6
0.163,1
0.163,6
0.163,1
0.163,1
0.163,4
0.163,8
0.163,3
0.348,1
0.348,1
0.267,2
0.267,1
0.267,2
0.267,1
0.471,1
0.243,1
0.215,0
0.215,1
0.215,2
0.215,2
0.270,1
0.149,1
0.295,1
0.065,3
0.141,1
0.193,2
0.169,1
0.207,4
0.145,6
0.183,3
0.086,1
0.089,4
0.130,8
0.130,1
0.037,6
0.180,1
0.197,1
0.109,7
0.031,2
0.058,2
0.149,1
0.056,1
0.088,1
0.060,1
0.202,2
0.120,2
0.121,2
0.192,1
0.054,6
0.153,6
0.153,5
0.153,3
0.172,2
0.054,5
0.088,1
0.155,4
0.161,6
0.149,1
0.099,0
0.164,4
0.147,1
0.042,1
0.169,1
0.260,3
0.136,1
0.051,1
0.118,1
0.249,1
0.094,1
0.031,0
0.064,1
0.133,7
0.054,1
0.153,2
0.155,1
0.098,1
0.139,1
0.036,4
0.040,3
0.076,3
0.187,1
0.098,1
0.033,4
0.190,3
0.154,1
0.186,1
0.198,1
0.175,2
0.091,3
0.066,0
0.107,4
0.152,1
0.058,4
0.091,1
0.101,2
0.101,2
0.112,2
0.107,4
0.130,1
0.101,1
0.138,1
0.179,2
0.181,3
0.075,1
0.067,0
0.303,0
0.172,0
0.072,0
0.180,1
0.218,1
0.218,1
0.150,3
0.162,4
0.175,0
0.156,0
0.253,1
0.231,1
0.231,2
0.231,1
0.231,2
0.089,5
0.089,2
0.089,16
0.089,3
0.089,3
0.089,2
0.089,2
0.089,3
0.089,11
0.089,3
0.089,3
0.089,8
0.089,8
0.315,2
0.315,13
0.315,3
0.315,1
0.315,2
0.315,2
0.110,4
0.110,8
0.110,6
0.110,5
0.110,6
0.110,3
0.110,5
0.110,2
0.110,2
0.110,3
0.110,3
0.110,5
0.110,1
0.110,4
0.110,7
0.110,7
0.110,0
0.110,1
0.110,2
0.110,7
0.110,1
0.110,3
0.110,7
0.110,1
0.065,5
0.065,7
0.065,3
0.065,6
0.180,3
0.180,3
0.053,2
0.053,5
0.053,7
0.053,4
0.053,2
0.053,6
0.053,3
0.141,1
0.141,1
0.141,1
0.141,2
0.097,2
0.097,2
0.097,1
0.097,2
0.097,2
0.097,3
0.097,1
0.267,0
0.267,0
0.073,29
0.073,10
0.073,7
0.073,10
0.073,11
0.073,11
0.073,27
0.073,13
0.073,14
0.073,21
0.188,2
0.188,5
0.088,8
0.088,4
0.088,1
0.088,3
0.088,2
0.088,3
0.088,2
0.088,3
0.088,6
0.088,3
0.064,9
0.064,12
0.064,9
0.064,6
0.064,11
0.064,12
0.064,5
0.064,4
0.064,9
0.064,7
0.064,7
0.064,11
0.098,4
0.098,10
0.098,5
0.098,4
0.098,2
0.098,10
0.098,8
0.098,8
0.098,12
0.098,7
0.098,5
0.098,8
0.098,9
0.098,14
0.098,14
0.098,11
0.098,8
0.098,14
0.098,13
0.098,6
0.098,3
0.098,2
0.098,10
0.098,4
0.098,4
0.109,1
0.109,3
0.109,3
0.109,1
0.109,4
0.109,1
0.109,0
0.109,0
0.109,0
0.109,2
0.109,0
0.109,2
0.109,3
0.109,2
0.109,0
0.109,1
0.109,3
0.109,0
0.109,3
0.085,1
0.085,2
0.128,3
0.128,5
0.128,7
0.152,3
0.152,1
0.173,2
0.173,5
0.173,6
0.173,8
0.173,2
0.173,1
0.173,7
0.173,1
0.218,5
0.218,2
0.218,3
0.218,2
0.154,3
0.154,3
0.154,4
0.058,4
0.140,1
0.129,2
0.051,2
0.073,8
0.233,2
0.083,0
0.068,1
0.033,6
0.177,1
0.123,5
0.093,1
0.153,4
0.044,32
0.039,6
0.048,3
0.119,3
0.054,4
0.130,6
0.026,6
0.050,3
0.058,3
0.044,8
0.083,3
0.029,4
0.109,3
0.071,0
0.076,1
0.349,0
0.349,0
0.349,0
0.349,0
0.349,0
0.349,0
0.349,0
0.349,0
0.349,0
0.349,0
0.349,1
0.349,0
0.349,0
0.349,0
0.349,0
0.349,0
0.349,0
0.349,1
0.349,0
0.349,0
0.349,0
0.095,1
0.072,5
0.070,3
0.160,12
0.051,17
0.054,5
0.143,8
0.055,2
0.073,1
0.153,2
0.060,13
0.277,1
0.233,2
0.233,1
0.120,1
0.049,0
0.029,9
0.065,1
0.086,9
0.090,4
0.149,9
0.066,4
0.058,1
0.051,18
0.110,4
0.074,3
0.024,17
0.059,4
0.090,2
0.077,7
0.105,1
0.059,6
0.173,5
0.132,0
0.339,12
0.103,4
0.259,9
0.259,4
0.054,5
0.154,10
0.039,10
0.073,10
0.066,3
0.217,2
0.131,1
0.201,2
0.146,0
0.034,5
0.086,1
0.186,1
0.026,4
0.091,1
0.064,8
0.063,6
0.056,1
0.029,4
0.061,7
0.029,2
0.194,4
0.042,2
0.124,1
0.033,4
0.048,3
0.021,8
0.096,2
0.098,2
0.071,4
0.044,1
0.263,4
0.088,1
0.086,0
0.051,2
0.032,7
0.032,6
0.037,2
0.074,7
0.252,7
0.125,4
0.074,0
0.220,3
0.220,5
0.220,1
0.036,1
0.217,2
0.061,5
0.048,5
0.151,5
0.075,9
0.028,5
0.082,0
0.102,2
0.022,4
0.146,2
0.052,5
0.051,3
0.038,1
0.131,4
0.104,7
0.115,4
0.075,1
0.046,4
0.043,6
0.118,1
0.120,1
0.057,5
0.057,1
0.072,1
0.050,7
0.043,4
0.023,14
0.326,3
0.118,3
0.051,13
0.051,8
0.255,1
0.060,3
0.099,5
0.107,1
0.074,0
0.036,3
0.108,5
0.037,1
0.108,2
0.071,5
0.022,7
0.096,4
0.051,3
0.193,0
0.206,2
0.057,6
0.080,1
0.077,1
0.187,4
0.187,3
0.075,3
0.075,1
0.158,0
0.158,0
0.116,1
0.036,7
0.232,6
0.117,2
0.084,2
0.244,1
0.108,4
0.133,0
0.040,12
0.079,2
0.029,8
0.040,0
0.045,3
0.173,0
0.082,5
0.147,1
0.416,1
0.416,0
0.416,1
0.416,1
0.089,2
0.117,4
0.038,3
0.058,2
0.096,3
0.054,2
0.054,2
0.182,4
0.081,2
0.072,2
0.070,2
0.132,3
0.036,0
0.047,3
0.042,0
0.102,5
0.186,1
0.173,4
0.126,0
0.027,17
0.218,1
0.038,3
0.088,4
0.040,3
0.199,3
0.031,14
0.164,5
0.020,8
0.060,3
0.021,12
0.115,5
0.062,7
0.049,3
0.156,2
0.032,8
0.129,1
0.106,15
0.226,1
0.226,2
0.226,4
0.226,1
0.226,3
0.226,1
0.230,2
0.191,1
0.113,1
0.267,5
0.267,4
0.355,6
0.219,2
0.235,1
0.157,0
0.095,1
0.158,1
0.273,5
0.163,8
0.150,1
0.069,8
0.065,4
0.220,1
0.066,2
0.089,6
0.089,5
0.089,2
0.089,4
0.040,2
0.246,4
0.217,1
0.073,7
0.133,3
0.253,1
0.094,1
0.068,1
0.241,7
0.152,1
0.075,2
0.213,2
0.219,1
0.208,1
0.190,1
0.058,9
0.111,1
0.205,1
0.096,1
0.033,0
0.033,9
0.109,1
0.032,11
0.239,2
0.099,2
0.092,3
0.170,1
0.104,2
0.142,1
0.039,8
0.080,1
0.210,6
0.121,1
0.210,1
0.125,2
0.144,1
0.117,1
0.052,8
0.173,1
0.045,13
0.185,10
0.198,2
0.250,4
0.127,1
0.105,1
0.224,1
0.158,1
0.138,1
0.244,1
0.040,13
0.263,2
0.077,5
0.077,6
0.077,4
0.225,1
0.162,1
0.051,0
0.051,0
0.040,1
0.232,1
0.089,1
0.205,2
0.126,2
0.178,2
0.261,1
0.155,1
0.157,1
0.123,1
0.112,2
0.168,1
0.170,1
0.089,2
0.026,1
0.354,19
0.354,17
0.354,20
0.354,7
0.205,1
0.615,1
0.216,1
0.249,1
0.340,1
0.062,2
0.262,1
0.087,1
0.083,4
0.108,2
0.108,3
0.620,1
0.021,8
0.299,1
0.115,11
0.142,2
0.079,2
0.088,1
0.160,1
0.233,4
0.082,1
0.069,8
0.069,10
0.069,6
0.075,6
0.129,3
0.343,2
1.426,3
1.426,1
0.104,6
0.394,1
0.038,5
0.038,9
0.038,7
0.055,1
0.083,1
0.054,1
0.176,1
0.103,6
0.056,3
0.193,1
0.140,1
0.178,4
0.181,1
0.453,2
0.087,1
0.113,1
0.306,1
0.073,1
0.204,3
0.053,2
0.085,7
0.069,3
0.382,1
0.382,1
0.075,10
0.050,2
0.058,1
0.058,1
0.050,1
0.750,1
0.092,3
0.112,1
0.114,3
0.260,2
0.482,1
0.205,1
0.044,5
0.044,0
0.091,3
0.177,1
0.104,5
0.104,3
0.261,4
0.279,1
0.205,2
0.148,7
0.147,2
0.134,1
0.066,1
0.084,4
0.137,4
0.137,1
0.038,1
0.066,1
0.066,1
0.045,2
0.112,1
0.190,1
0.158,3
0.433,2
0.046,3
0.213,1
0.099,6
0.146,0
0.187,3
0.115,5
0.142,2
0.169,19
0.101,1
0.068,1
0.256,1
0.059,1
0.044,0
0.090,2
0.157,15
0.052,4
0.223,3
0.131,2
0.125,2
0.598,1
0.136,0
0.168,1
0.105,1
0.074,1
0.183,1
0.210,2
0.288,3
0.090,1
0.091,4
0.091,3
0.091,3
0.110,2
0.110,1
0.071,11
0.181,2
0.303,1
0.135,1
0.118,2
0.064,1
0.190,0
0.236,1
0.216,1
0.279,1
0.153,1
0.310,1
0.258,2
0.091,2
0.130,1
0.070,4
0.164,1
0.241,2
0.127,1
0.131,1
0.188,2
0.123,1
0.129,1
0.106,6
0.106,8
0.088,1
0.224,2
0.376,1
0.097,3
0.141,2
0.290,1
0.180,13
0.537,2
0.113,3
0.075,1
0.188,1
0.172,1
0.052,1
0.239,1
0.269,1
0.114,2
0.274,2
0.094,2
0.067,6
0.067,3
0.047,1
0.110,1
0.095,4
0.028,16
0.131,2
0.145,1
0.026,3
0.144,2
0.144,6
0.174,1
0.058,6
0.090,7
0.250,1
0.140,1
0.122,2
0.244,1
0.181,1
0.143,1
0.098,1
0.129,2
0.218,3
0.036,2
0.117,1
0.117,1
0.190,1
0.233,1
0.150,1
0.161,1
0.090,5
0.084,1
0.149,1
0.127,0
0.114,6
0.762,4
0.087,8
0.087,7
0.079,2
0.257,1
0.122,1
0.225,1
0.252,1
0.310,3
0.142,1
0.125,2
0.341,1
0.105,2
0.035,11
0.035,10
0.035,14
0.035,2
0.242,1
0.086,3
0.293,1
0.046,7
0.404,1
0.661,2
0.661,1
0.122,3
0.035,5
0.079,2
0.157,2
0.132,10
0.089,2
0.062,1
0.225,2
0.120,1
0.191,0
0.039,6
0.039,4
0.214,2
0.214,8
0.168,3
0.141,2
0.051,3
0.137,0
0.155,1
0.102,7
0.082,4
0.230,1
0.239,1
0.213,1
0.176,1
0.180,3
0.166,1
0.164,1
0.068,2
0.125,2
0.199,1
0.465,2
0.465,1
0.087,6
0.415,3
0.192,4
0.119,4
0.119,4
0.091,4
0.177,2
0.038,13
0.038,4
0.131,1
0.129,4
0.102,14
0.102,1
0.102,4
0.102,1
0.233,5
0.135,3
0.510,2
0.078,2
0.079,3
0.079,1
0.079,1
0.216,1
0.216,1
0.216,2
0.104,1
0.124,2
0.124,1
0.128,1
0.163,2
0.153,1
0.069,14
0.243,1
0.141,3
0.116,5
0.357,2
0.067,1
0.131,6
0.076,2
0.131,7
0.108,4
0.199,2
0.511,1
0.262,1
0.134,1
0.119,1
0.131,1
0.119,1
0.053,1
0.110,2
0.149,1
0.193,1
0.062,1
0.100,1
0.182,1
0.289,1
0.176,1
0.105,1
0.119,1
0.159,1
0.140,1
0.155,1
0.256,2
0.114,1
0.174,1
0.058,1
0.129,3
0.146,2
0.104,1
0.113,2
0.080,2
0.195,1
0.151,1
0.099,4
0.101,2
0.088,1
0.091,1
0.145,1
0.105,1
0.154,2
0.289,1
0.065,1
0.182,5
0.052,1
0.049,2
0.070,2
0.070,2
0.070,6
0.070,3
0.070,4
0.070,1
0.135,3
0.077,1
0.080,1
0.030,4
0.044,1
0.211,4
0.147,1
0.064,3
0.169,2
0.222,3
0.143,1
0.122,6
0.122,3
0.190,1
0.115,5
0.103,1
0.143,1
0.066,2
0.139,7
0.024,2
0.119,1
0.089,6
0.077,1
0.033,4
0.046,2
0.046,3
0.072,1
0.097,1
0.075,3
0.186,1
0.167,4
0.168,1
0.032,4
0.127,7
0.038,1
0.178,1
0.178,3
0.138,2
0.103,1
0.064,2
0.032,8
0.044,4
0.044,1
0.044,2
0.150,1
0.020,46
0.223,0
0.042,3
0.118,1
0.118,1
0.060,0
0.061,3
0.250,1
0.104,2
0.188,1
0.044,2
0.101,3
0.074,5
0.029,1
0.084,1
0.171,2
0.041,2
0.183,2
0.098,0
0.184,4
0.097,54
0.121,9
0.020,1
0.020,1
0.079,0
0.239,1
0.113,9
0.178,1
0.047,1
0.038,0
0.061,1
0.075,1
0.073,1
0.086,1
0.093,1
0.091,1
0.127,2
0.150,1
0.047,1
0.104,1
0.158,1
0.045,3
0.122,5
0.122,5
0.073,1
0.120,2
0.185,1
0.056,1
0.132,1
0.135,1
0.356,1
0.356,10
0.356,6
0.356,6
0.356,1
0.356,4
0.116,1
0.054,0
0.206,11
0.087,0
0.141,1
0.086,0
0.086,0
0.126,1
0.058,1
0.032,3
0.098,3
0.057,1
0.072,1
0.132,5
0.132,5
0.081,6
0.059,1
0.161,1
0.030,15
0.125,12
0.125,6
0.125,24
0.123,3
0.115,1
0.161,1
0.076,4
0.101,1
0.098,2
0.131,4
0.068,1
0.206,2
0.036,9
0.076,2
0.015,1
0.108,2
0.166,5
0.165,7
0.165,3
0.110,4
0.110,5
0.110,4
0.067,1
0.074,1
0.052,7
0.052,3
0.052,5
0.052,1
0.052,6
0.141,15
0.122,1
0.038,2
0.061,4
0.054,5
0.094,3
0.090,1
0.064,5
0.064,0
0.049,3
0.131,1
0.062,1
0.245,2
0.071,2
0.108,5
0.025,10
0.035,4
0.035,9
0.332,5
0.332,2
0.332,3
0.332,1
0.332,1
0.332,3
0.332,1
0.097,1
0.232,1
0.085,1
0.049,20
0.110,4
0.024,1
0.106,1
0.323,1
0.134,1
0.134,1
0.136,1
0.095,1
0.190,1
0.125,1
0.066,1
0.028,0
0.135,1
0.115,1
0.066,2
0.291,2
0.060,8
0.085,3
0.141,1
0.075,2
0.075,10
0.172,2
0.125,1
0.124,1
0.156,0
0.137,1
0.137,1
0.057,1
0.080,1
0.134,1
0.564,2
0.319,2
0.258,1
0.258,1
0.255,1
0.335,1
0.359,2
0.291,4
0.285,1
0.185,1
0.302,1
0.288,1
0.616,1
0.133,3
0.448,1
0.328,1
0.509,1
0.384,1
0.377,1
0.377,1
0.377,1
0.129,2
0.129,0
0.129,1
0.129,1
0.129,1
0.129,1
0.129,0
0.129,4
0.558,1
0.449,1
0.250,2
0.598,1
0.265,1
0.403,4
0.234,4
0.336,1
0.336,2
0.336,1
0.431,1
0.411,1
0.191,2
0.448,1
0.476,1
0.272,1
0.199,1
0.173,1
0.173,1
0.373,0
0.373,1
0.373,1
0.373,1
0.248,1
0.248,1
0.248,1
0.532,1
0.315,1
0.168,2
0.168,2
0.176,3
0.195,1
0.195,1
0.195,1
0.195,1
0.350,1
0.296,1
0.162,1
0.162,1
0.162,1
0.756,2
0.364,1
0.206,3
0.107,1
0.107,2
0.382,1
0.387,2
0.445,2
0.165,1
0.165,1
0.165,1
0.191,2
0.282,1
0.163,4
0.187,1
0.261,2
0.155,4
0.156,1
0.316,1
0.194,1
0.247,1
0.111,1
0.111,1
0.111,1
0.111,2
0.268,1
0.240,1
0.240,1
0.215,1
0.215,1
0.244,1
0.203,1
0.289,1
0.289,1
0.374,1
0.378,0
0.285,1
0.216,1
0.346,1
0.417,3
0.193,1
0.195,1
0.093,6
0.206,2
0.166,1
0.223,1
0.127,1
0.145,4
0.228,1
0.073,1
0.207,1
0.100,2
0.100,4
0.170,1
0.225,1
0.160,1
0.237,1
0.258,1
0.053,1
0.189,1
0.303,1
0.204,1
0.442,2
0.168,1
0.391,1
0.281,1
0.212,1
0.174,1
0.211,1
0.233,1
0.403,1
0.237,1
0.250,1
0.170,2
0.065,7
0.065,7
0.065,10
0.065,6
0.168,1
0.255,1
0.428,1
0.142,2
0.025,5
0.116,1
0.220,0
0.042,1
0.232,1
0.157,1
0.164,0
0.242,0
0.180,1
0.322,1
0.161,1
0.127,1
0.199,2
0.340,1
0.151,1
0.151,1
0.128,1
0.273,1
0.102,1
0.415,1
0.307,1
0.280,1
0.163,1
0.113,2
0.128,1
0.191,11
0.130,1
0.215,1
0.257,2
0.257,1
0.257,1
0.135,3
0.467,1
0.180,2
0.111,1
0.111,2
0.197,1
0.175,1
0.139,1
0.076,6
0.266,5
0.194,1
0.354,1
0.287,1
0.188,1
0.187,1
0.197,2
0.102,1
0.127,1
0.413,1
0.200,9
0.200,10
0.200,7
0.130,2
0.167,1
0.174,1
0.305,1
0.408,2
0.231,1
0.115,1
0.145,1
0.229,2
0.250,1
0.247,1
0.247,1
0.191,1
0.344,1
0.240,6
0.240,4
0.240,3
0.127,2
0.221,1
0.189,7
0.100,1
0.266,1
0.606,2
0.606,3
0.305,1
0.187,3
0.032,10
0.114,1
0.042,8
0.168,1
0.093,4
0.089,1
0.175,1
0.073,3
0.073,3
0.073,3
0.212,1
0.044,8
0.044,8
0.043,6
0.104,2
0.308,1
0.185,1
0.335,1
0.090,1
0.136,1
0.101,1
0.101,1
0.101,1
0.190,1
0.224,1
0.125,1
0.117,1
0.237,1
0.079,3
0.079,2
0.200,1
0.200,1
0.245,1
0.190,1
0.214,1
0.156,1
0.187,1
0.170,1
0.353,1
0.172,1
0.192,1
0.229,1
0.138,1
0.115,3
0.093,1
0.119,1
0.197,1
0.123,8
0.123,3
0.123,4
0.123,6
0.093,1
0.161,1
0.158,2
0.132,2
0.144,1
0.182,1
0.137,1
0.111,3
0.154,4
0.151,1
0.245,1
0.067,4
0.067,4
0.050,3
0.050,3
0.050,5
0.050,6
0.117,3
0.076,2
0.460,1
0.188,2
0.183,1
0.173,2
0.076,1
0.242,1
0.300,1
0.243,2
0.233,1
0.140,1
0.210,3
0.186,1
0.155,2
0.213,1
0.219,1
0.156,1
0.133,1
0.034,5
0.034,4
0.034,3
0.034,4
0.205,4
0.098,1
0.215,2
0.215,1
0.215,1
0.261,1
0.261,1
0.094,1
0.197,1
0.397,1
0.205,5
0.252,1
0.168,1
0.234,1
0.306,1
0.218,1
0.195,1
0.046,6
0.395,1
0.053,1
0.220,2
0.231,1
0.231,1
0.231,1
0.231,6
0.231,2
0.138,2
0.138,2
0.059,12
0.059,8
0.059,9
0.165,1
0.554,5
0.554,2
0.554,4
0.554,2
0.554,1
0.554,1
0.554,4
0.554,2
0.239,1
0.185,2
0.245,1
0.325,1
0.212,1
0.186,2
0.205,1
0.185,0
0.226,1
0.242,1
0.111,1
0.330,1
0.185,1
0.219,2
0.153,1
0.288,1
0.217,1
0.137,2
0.169,1
0.260,2
0.108,2
0.101,8
0.158,1
0.040,12
0.133,1
0.044,3
0.044,5
0.044,3
0.287,4
0.066,1
0.187,1
0.084,3
0.128,1
0.113,1
0.198,1
0.190,1
0.141,0
0.196,2
0.061,2
0.043,1
0.148,1
0.137,1
0.127,1
0.078,1
0.119,3
0.152,1
0.101,2
0.101,3
0.101,2
0.061,3
0.069,1
0.188,1
0.071,1
0.141,2
0.248,2
0.144,8
0.147,1
0.225,1
0.517,1
0.191,1
0.083,1
0.051,1
0.120,0
0.203,1
0.117,1
0.264,1
0.146,2
0.181,1
0.112,1
0.373,1
0.086,1
0.055,1
0.113,1
0.096,1
0.027,1
0.164,2
0.102,1
0.103,1
0.035,1
0.075,2
0.149,1
0.110,1
0.115,1
0.368,1
0.111,2
0.111,2
0.256,3
0.335,2
0.113,1
0.311,1
0.203,2
0.081,2
0.081,3
0.320,1
0.364,1
0.136,1
0.086,1
0.119,1
0.118,2
0.118,1
0.056,1
0.067,1
0.271,1
0.152,1
0.201,2
0.043,1
0.031,0
0.141,1
0.141,1
0.141,1
0.167,1
0.492,1
0.086,1
0.122,1
0.279,1
0.102,1
0.127,1
0.405,1
0.200,1
0.091,1
0.273,2
0.036,1
0.063,0
0.267,1
0.253,1
0.120,1
0.123,1
0.082,1
0.234,1
0.071,1
0.145,1
0.145,1
0.121,1
0.080,1
0.177,1
0.026,1
0.329,1
0.087,1
0.081,1
0.122,1
0.320,1
0.455,1
0.127,1
0.105,1
0.099,1
0.163,1
0.087,1
0.122,2
0.168,1
0.201,1
0.093,1
0.157,25
0.162,1
0.056,1
0.156,1
0.067,1
0.046,1
0.110,0
0.076,1
0.182,1
0.083,1
0.114,1
0.386,2
0.089,1
0.117,1
0.041,2
0.102,1
0.095,1
0.090,1
0.123,1
0.108,1
0.226,1
0.185,1
0.107,22
0.097,1
0.092,1
0.067,0
0.126,1
0.105,1
0.172,1
0.088,1
0.142,1
0.141,1
0.070,1
0.180,1
0.086,1
0.125,1
0.099,1
0.152,1
0.277,1
0.152,1
0.100,2
0.117,1
0.175,1
0.290,1
0.037,1
0.074,0
0.174,1
0.107,1
0.187,1
0.153,1
0.169,1
0.089,2
0.119,3
0.069,1
0.103,1
0.144,1
0.129,10
0.069,2
0.069,3
0.017,2
0.124,1
0.075,4
0.156,1
0.108,1
0.150,1
0.133,1
0.064,1
0.172,1
0.110,1
0.120,3
0.135,2
0.167,1
0.113,1
0.162,2
0.084,0
0.114,1
0.079,1
0.021,3
0.021,4
0.054,1
0.162,1
0.163,1
0.029,1
0.160,1
0.151,1
0.104,1
0.019,4
0.185,1
0.153,0
0.184,1
0.077,1
0.110,2
0.098,2
0.232,1
0.133,2
0.117,1
0.117,1
0.117,3
0.117,6
0.117,6
0.117,7
0.117,0
0.117,4
0.117,8
0.336,1
0.195,2
0.029,2
0.082,1
0.301,1
0.094,1
0.061,1
0.047,14
0.047,10
0.047,8
0.123,1
0.131,1
0.069,1
0.238,1
0.319,1
0.165,2
0.051,0
0.123,3
0.224,2
0.248,1
0.248,1
0.248,7
0.248,5
0.248,3
0.248,1
0.248,3
0.131,1
0.056,2
0.141,1
0.146,1
0.053,2
0.047,4
0.047,4
0.179,1
0.151,1
0.095,1
0.251,1
0.046,2
0.084,3
0.100,2
0.129,3
0.227,1
0.194,2
0.113,1
0.187,2
0.098,2
0.137,1
0.106,1
0.122,1
0.319,1
0.166,14
0.149,0
0.141,1
0.121,1
0.082,1
0.248,1
0.181,1
0.116,2
0.067,1
0.122,1
0.125,1
0.076,3
0.187,1
0.136,1
0.053,1
0.138,0
0.053,1
0.200,2
0.215,3
0.215,2
0.215,1
0.215,2
0.215,5
0.215,1
0.215,1
0.215,1
0.215,4
0.215,2
0.215,1
0.215,1
0.215,2
0.215,2
0.215,3
0.215,1
0.215,4
0.215,6
0.215,3
0.215,1
0.215,2
0.215,1
0.215,1
0.215,2
0.215,0
0.215,3
0.215,5
0.215,0
0.215,2
0.215,3
0.215,2
0.215,0
0.215,2
0.215,2
0.215,1
0.215,1
0.215,3
0.215,2
0.215,1
0.215,1
0.215,2
0.215,1
0.215,4
0.121,2
0.121,1
0.107,5
0.107,2
0.107,1
0.107,1
0.107,1
0.084,2
0.121,1
0.144,2
0.126,2
0.167,1
0.267,1
0.255,1
0.255,0
0.149,3
0.199,1
0.074,1
0.129,4
0.129,3
0.129,2
0.129,4
0.129,3
0.129,2
0.129,2
0.129,3
0.129,2
0.129,2
0.129,3
0.129,2
0.129,2
0.129,1
0.110,0
0.049,4
0.033,2
0.125,2
0.056,2
0.025,13
0.233,1
0.051,4
0.187,1
0.156,1
0.115,1
0.090,2
0.168,3
0.085,152
0.073,9
0.068,2
0.122,2
0.199,1
0.107,3
0.060,4
0.085,3
0.144,1
0.104,1
0.074,1
0.025,4
0.056,2
0.075,3
0.080,1
0.138,1
0.079,1
0.083,3
0.182,3
0.114,3
0.116,1
0.159,1
0.078,3
0.223,1
0.044,14
0.198,2
0.198,3
0.198,1
0.097,1
0.088,2
0.058,4
0.073,4
0.064,1
0.123,4
0.149,1
0.128,0
0.128,0
0.124,1
0.077,2
0.169,2
0.137,1
0.025,2
0.052,0
0.046,2
0.105,0
0.172,1
0.057,5
0.159,1
0.095,1
0.141,4
0.063,12
0.056,2
0.099,3
0.146,1
0.046,8
0.056,1
0.040,0
0.121,1
0.094,2
0.023,4
0.072,3
0.096,2
0.087,2
0.017,9
0.037,4
0.033,1
0.386,5
0.069,2
0.183,2
0.043,1
0.087,7
0.044,6
0.018,8
0.156,2
0.156,3
0.156,2
0.123,4
0.107,1
0.083,2
0.051,2
0.123,1
0.121,7
0.121,6
0.288,2
0.033,22
0.164,1
0.163,1
0.066,5
0.054,1
0.068,3
0.720,0
0.720,1
0.087,2
0.191,2
0.054,3
0.085,2
0.147,2
0.073,10
0.073,5
0.052,4
0.067,5
0.125,1
0.045,7
0.126,2
0.222,4
0.093,3
0.027,7
0.036,2
0.280,4
0.045,6
0.066,7
0.105,3
0.158,3
0.052,2
0.125,1
0.077,17
0.307,2
0.101,3
0.049,5
0.072,9
0.072,16
0.151,9
0.199,1
0.199,1
0.199,2
0.199,3
0.098,2
0.037,4
0.165,8
0.131,3
0.043,10
0.104,2
0.093,5
0.098,12
0.058,6
0.058,4
0.058,4
0.058,6
0.058,8
0.058,6
0.146,3
0.078,2
0.193,4
0.074,4
0.016,10
0.205,1
0.197,3
0.197,4
0.197,6
0.134,3
0.055,2
0.027,1
0.058,4
0.031,8
0.136,5
0.136,3
0.136,4
0.099,4
0.033,4
0.033,4
0.218,1
0.057,1
0.122,7
0.118,1
0.069,3
0.116,5
0.025,13
0.170,4
0.141,1
0.042,11
0.080,3
0.038,13
0.026,18
0.356,2
0.094,5
0.094,7
0.049,4
0.327,1
0.327,1
0.327,1
0.245,1
0.183,1
0.128,1
0.132,1
0.041,6
0.031,3
0.147,4
0.064,2
1.317,1
0.089,2
0.040,4
0.040,8
0.040,8
0.040,8
0.096,2
0.062,6
0.149,3
0.206,1
0.033,13
0.140,2
0.183,2
0.158,2
0.138,2
0.082,3
0.033,4
0.091,19
0.048,6
0.111,3
0.044,5
0.142,2
0.061,2
0.110,1
0.100,2
0.091,9
0.034,4
0.172,3
0.130,1
0.050,6
0.050,6
0.055,1
0.051,5
0.253,3
0.113,2
0.100,2
0.029,8
0.080,9
0.035,14
0.039,5
0.037,7
0.045,7
0.045,5
0.093,7
0.056,7
0.019,7
0.168,2
0.251,8
0.251,6
0.057,3
0.024,4
0.397,4
0.397,2
0.397,1
0.397,1
0.397,5
0.397,1
0.397,6
0.397,1
0.397,0
0.076,1
0.072,1
0.287,2
0.119,7
0.022,4
0.022,4
0.141,2
0.031,2
0.022,9
0.034,6
0.034,6
0.059,12
0.071,7
0.112,7
0.025,6
0.266,2
0.182,3
0.094,1
0.054,4
0.054,6
0.050,3
0.050,5
0.026,4
0.026,7
0.347,4
0.119,3
0.412,0
0.412,0
0.412,1
0.412,1
0.412,1
0.412,2
0.412,1
0.412,2
0.412,1
0.325,1
0.115,3
0.260,2
0.260,5
0.042,3
0.243,4
0.144,4
0.140,1
0.122,1
0.088,8
0.105,3
0.106,1
0.254,2
0.336,1
0.097,2
0.106,9
0.052,3
0.139,3
0.051,19
0.137,4
0.022,7
0.022,8
0.026,4
0.068,5
0.032,3
0.064,2
0.085,1
0.131,1
0.081,2
0.029,9
0.129,1
0.203,1
0.101,2
0.047,5
0.037,9
0.048,3
0.061,1
0.338,2
0.111,3
0.030,12
0.094,11
0.063,3
0.077,3
0.167,1
0.046,8
0.057,9
0.084,2
0.164,2
0.074,3
0.091,5
0.034,8
0.070,2
0.047,4
0.050,7
0.041,10
0.106,4
0.106,3
0.106,3
0.388,2
0.270,3
0.176,2
0.094,2
0.020,5
0.072,3
0.064,2
0.271,16
0.051,3
0.082,3
0.075,9
0.120,1
0.072,3
0.074,7
0.024,7
0.027,14
0.062,12
0.062,9
0.160,1
0.080,2
0.038,3
0.076,4
0.021,4
0.021,8
0.252,2
0.109,4
0.045,14
0.045,32
0.029,12
0.045,2
0.280,1
0.210,2
0.183,4
0.112,6
0.112,7
0.112,3
0.200,2
0.039,2
0.116,2
0.147,2
0.147,3
0.287,1
0.225,0
0.225,0
0.225,0
0.225,0
0.225,0
0.225,0
0.225,0
0.225,0
0.225,0
0.225,0
0.225,0
0.225,0
0.225,0
0.225,0
0.225,0
0.225,0
0.225,0
0.225,0
0.225,0
0.206,3
0.175,1
0.301,2
0.302,2
0.309,2
0.302,1
0.177,4
0.429,1
0.429,1
0.429,1
0.246,2
0.227,1
0.311,1
0.279,6
0.263,0
0.409,39
0.409,0
0.409,11
0.179,1
0.497,1
0.244,1
0.226,2
0.226,2
0.226,1
0.509,3
0.509,1
0.509,1
0.509,0
0.558,1
0.558,1
0.558,1
0.473,1
0.473,1
0.482,1
0.203,10
0.326,4
0.326,3
0.326,3
0.326,4
0.370,1
0.027,1
0.219,3
0.219,3
0.156,1
0.318,1
0.159,1
0.240,1
0.240,1
0.206,0
0.206,0
0.206,0
0.390,0
0.355,8
0.143,1
0.105,1
0.140,1
0.234,1
0.134,1
0.162,1
0.164,2
0.144,1
0.214,1
0.129,1
0.050,3
0.278,2
0.219,1
0.166,1
0.047,0
0.158,1
0.157,2
0.057,3
0.207,2
0.269,1
0.199,1
0.160,2
0.130,2
0.298,4
0.233,1
0.118,3
0.095,1
0.137,1
0.179,1
0.179,1
0.151,2
0.209,1
0.132,5
0.164,1
0.308,2
0.210,1
0.160,1
0.039,5
0.154,1
0.085,8
0.128,3
0.223,1
0.192,1
0.052,3
0.135,0
0.092,3
0.089,14
0.084,3
0.135,1
0.200,2
0.247,1
0.099,4
0.156,4
0.196,1
0.144,3
0.310,1
0.194,1
0.131,2
0.155,2
0.088,1
0.037,6
0.357,4
0.111,1
0.065,1
0.122,9
0.078,3
0.023,5
0.014,1
0.085,5
0.093,1
0.159,1
0.031,9
0.200,1
0.309,2
0.523,1
0.064,2
0.034,6
0.131,1
0.211,1
0.119,1
0.152,4
0.270,1
0.114,1
0.173,1
0.178,1
0.068,2
0.050,6
0.066,4
0.185,1
0.298,1
0.122,1
0.190,1
0.074,1
0.049,4
0.129,2
0.156,2
0.022,11
0.114,1
0.137,1
0.123,2
0.254,1
0.117,0
0.120,2
0.065,4
0.070,1
0.089,4
0.099,3
0.099,3
0.157,1
0.235,1
0.130,1
0.282,1
0.177,1
0.047,3
0.042,7
0.046,5
0.164,1
0.136,1
0.138,1
0.146,1
0.128,5
0.043,2
0.235,1
0.120,1
0.068,3
0.151,1
0.195,1
0.081,7
0.228,2
0.193,2
0.102,1
0.202,1
0.420,1
0.202,1
0.138,2
0.061,5
0.057,3
0.223,1
0.055,5
0.056,7
0.056,3
0.230,2
0.111,2
0.062,5
0.029,1
0.094,1
0.032,3
0.107,1
0.203,1
0.085,1
0.246,1
0.093,1
0.320,3
0.184,1
0.122,1
0.108,3
0.190,1
0.178,1
0.081,5
0.193,2
0.462,1
0.065,5
0.278,1
0.156,1
0.193,1
0.217,1
0.244,1
0.218,2
0.144,1
0.161,4
0.119,1
0.095,6
0.256,1
0.114,1
0.072,3
0.031,8
0.155,1
0.143,1
0.233,3
0.120,1
0.160,4
0.155,2
0.333,1
0.232,1
0.076,2
0.309,1
0.304,1
0.202,2
0.076,4
0.076,8
0.200,2
0.200,2
0.200,2
0.200,2
0.129,1
0.223,1
0.105,1
0.154,1
0.099,1
0.126,4
0.045,13
0.162,1
0.043,1
0.050,0
0.050,0
0.061,5
0.084,1
0.083,1
0.287,1
0.258,2
0.034,2
0.220,2
0.105,10
0.027,2
0.046,5
0.165,4
0.058,2
0.243,1
0.238,1
0.036,8
0.488,1
0.091,3
0.142,1
0.100,1
0.090,4
0.097,3
0.174,1
0.245,1
0.165,1
0.151,3
0.145,2
0.200,3
0.200,3
0.251,1
0.105,5
0.261,1
0.212,1
0.142,1
0.241,1
0.116,4
0.156,2
0.182,1
0.074,1
0.100,3
0.057,2
0.066,8
0.126,6
0.358,2
0.266,1
0.065,2
0.049,10
0.209,1
0.256,1
0.149,1
0.164,3
0.038,7
0.034,1
0.144,1
0.203,1
0.181,1
0.067,3
0.212,2
0.170,1
0.101,1
0.518,1
0.120,1
0.117,1
0.168,3
0.048,3
0.048,1
0.068,4
0.109,1
0.226,1
0.211,1
0.258,3
0.093,1
0.153,1
0.045,2
0.045,3
0.172,1
0.077,7
0.182,1
0.233,2
0.119,4
0.323,1
0.099,1
0.214,5
0.062,2
0.091,4
0.056,1
0.199,4
0.044,0
0.204,1
0.245,2
0.232,1
0.044,4
0.090,1
0.203,2
0.073,2
0.052,8
0.035,7
0.046,5
0.243,1
0.078,1
0.241,1
0.142,1
0.091,1
0.173,1
0.031,11
0.289,1
0.142,5
0.236,1
0.159,1
0.119,1
0.227,1
0.033,5
0.033,6
0.033,3
0.197,5
0.076,6
0.076,9
0.088,4
0.127,1
0.193,1
0.132,1
0.105,1
0.037,4
0.062,2
0.107,6
0.092,3
0.091,2
0.298,1
0.188,1
0.199,1
0.163,1
0.117,6
0.200,1
0.068,2
0.045,1
0.078,7
0.189,1
0.073,5
0.073,6
0.069,4
0.094,6
0.133,6
0.315,3
0.315,2
0.315,1
0.315,4
0.315,1
0.315,1
0.315,2
0.315,2
0.315,1
0.315,1
0.315,2
0.315,2
0.315,2
0.315,5
0.315,4
0.315,1
0.315,1
0.315,2
0.315,2
0.315,1
0.315,1
0.315,1
0.315,2
0.315,1
0.315,2
0.315,1
0.315,3
0.315,2
0.315,6
0.315,6
0.315,1
0.315,23
0.315,24
0.315,1
0.315,1
0.315,2
0.315,2
0.315,5
0.315,2
0.315,2
0.315,4
0.315,3
0.315,15
0.315,1
0.315,2
0.315,2
0.315,1
0.315,4
0.315,1
0.315,4
0.315,2
0.315,1
0.315,10
0.315,4
0.315,2
0.315,1
0.315,2
0.315,1
0.315,1
0.315,2
0.315,1
0.315,4
0.315,2
0.315,2
0.315,1
0.315,2
0.315,2
0.315,2
0.315,23
0.315,6
0.315,1
0.315,5
0.315,3
0.315,1
0.315,1
0.315,1
0.315,1
0.315,1
0.315,1
0.315,1
0.315,1
0.315,1
0.315,10
0.315,1
0.315,2
0.315,17
0.315,5
0.315,11
0.315,2
0.315,6
0.315,1
0.315,3
0.315,4
0.315,5
0.315,2
0.315,6
0.315,1
0.315,2
0.315,1
0.315,2
0.315,3
0.315,3
0.315,1
0.315,2
0.315,1
0.315,1
0.315,1
0.315,2
0.315,1
0.315,1
0.315,3
0.315,1
0.315,2
0.315,3
0.315,1
0.315,1
0.315,1
0.315,2
0.315,1
0.315,1
0.315,2
0.315,1
0.315,1
0.315,1
0.315,1
0.315,1
0.315,1
0.315,1
0.315,2
0.315,2
0.315,1
0.315,1
0.315,2
0.315,1
0.315,2
0.315,1
0.315,1
0.315,1
0.315,1
0.315,1
0.315,1
0.315,1
0.315,2
0.315,1
0.315,7
0.315,1
0.315,1
0.315,1
0.315,1
0.315,1
0.315,2
0.315,1
0.315,3
0.315,2
0.315,2
0.315,11
0.315,1
0.315,4
0.315,5
0.315,1
0.315,4
0.315,1
0.315,1
0.315,1
0.315,1
0.315,2
0.315,1
0.315,4
0.315,1
0.315,1
0.315,2
0.315,1
0.315,1
0.315,1
0.315,1
0.315,1
0.315,1
0.315,1
0.315,2
0.315,1
0.315,1
0.315,1
0.315,2
0.315,1
0.315,1
0.315,2
0.315,1
0.315,1
0.315,1
0.315,1
0.315,1
0.315,1
0.315,1
0.315,1
0.315,1
0.315,1
0.315,1
0.315,3
0.315,2
0.137,1
0.208,5
0.169,1
0.213,1
0.309,1
0.119,2
0.055,5
0.074,1
0.171,1
0.088,1
0.118,3
0.037,15
0.107,1
0.184,3
0.250,1
0.165,1
0.106,4
0.095,1
0.051,7
0.205,1
0.265,1
0.163,4
0.161,2
0.357,2
0.052,5
0.145,1
0.102,12
0.227,1
0.350,1
0.125,1
0.064,3
0.139,1
0.195,1
0.204,1
0.100,9
0.121,1
0.097,1
0.097,4
0.184,1
0.034,4
0.058,3
0.350,1
0.160,1
0.119,1
0.139,1
0.192,1
0.102,5
0.139,3
0.041,5
0.041,3
0.037,5
0.027,11
0.192,1
0.021,5
0.242,2
0.185,1
0.180,4
0.056,5
0.129,1
0.302,1
0.260,1
0.168,1
0.074,2
0.108,3
0.262,1
0.098,1
0.111,1
0.260,1
0.201,1
0.091,1
0.208,1
0.028,3
0.119,4
0.570,1
0.570,1
0.570,1
0.095,8
0.062,2
0.238,6
0.297,1
0.183,4
0.179,1
0.046,9
0.102,1
0.155,5
0.024,2
0.051,2
0.086,0
0.053,5
0.053,5
0.048,1
0.262,1
0.136,1
0.270,1
0.248,1
0.165,1
0.057,4
0.019,11
0.100,1
0.348,1
0.054,1
0.170,1
0.086,1
0.190,1
0.089,2
0.043,6
0.036,2
0.160,2
0.074,1
0.074,2
0.074,2
0.074,2
0.074,2
0.271,1
0.036,1
0.051,5
0.138,1
0.117,1
0.028,7
0.243,1
0.181,1
0.069,7
0.202,1
0.032,11
0.032,12
0.308,1
0.159,1
0.029,3
0.087,1
0.085,2
0.096,0
0.184,1
0.080,1
0.062,2
0.230,1
0.169,1
0.154,2
0.151,1
0.136,3
1.167,1
1.167,1
0.302,1
0.294,1
0.049,7
0.087,1
0.145,1
0.028,6
0.120,6
0.188,3
0.030,13
0.398,1
0.398,1
0.398,2
0.398,1
0.201,1
0.121,4
0.159,1
0.175,1
0.091,1
0.220,1
0.324,3
0.140,1
0.052,1
0.158,1
0.124,1
0.077,1
0.182,0
0.140,2
0.415,1
0.081,4
0.081,2
0.081,2
0.094,2
0.056,5
0.033,1
0.313,1
0.027,4
0.078,9
0.078,8
0.192,1
0.166,1
0.061,5
0.071,7
0.132,1
0.341,3
0.169,3
0.202,1
0.170,1
0.172,1
0.081,6
0.102,1
0.151,1
0.209,1
0.076,4
0.151,2
0.073,2
0.052,8
0.112,2
0.112,1
0.279,1
0.189,1
0.139,2
0.207,2
0.034,3
0.117,1
0.264,1
0.220,1
0.142,6
0.207,1
0.219,0
0.160,1
0.115,2
0.063,4
0.063,3
0.063,4
0.114,1
0.121,1
0.144,1
0.072,6
0.277,2
0.160,1
0.213,1
0.213,1
0.213,1
0.213,2
0.095,1
0.040,5
0.284,1
0.252,2
0.252,2
0.252,2
0.252,2
0.252,3
0.252,3
0.252,4
0.252,4
0.252,2
0.316,1
0.316,5
0.316,1
0.316,1
0.316,3
0.316,3
0.225,3
0.225,1
0.225,3
0.225,4
0.225,2
0.225,4
0.174,2
0.263,2
0.270,4
0.179,3
0.306,2
0.306,0
0.399,1
0.303,0
0.303,1
0.228,1
0.228,1
0.228,3
0.209,2
0.209,2
0.209,2
0.209,1
0.209,2
0.209,5
0.200,1
0.200,2
0.200,2
0.200,1
0.116,5
0.116,1
0.116,3
0.116,1
0.116,3
0.116,4
0.116,1
0.116,0
0.198,2
0.198,4
0.198,2
0.097,2
0.212,2
0.212,2
0.212,2
0.171,2
0.171,1
0.171,1
0.171,1
0.094,4
0.094,6
0.094,4
0.171,1
0.171,4
0.289,1
0.294,1
0.272,1
0.263,2
0.263,2
0.263,2
0.263,2
0.267,1
0.350,1
0.148,1
0.142,3
0.142,3
0.142,3
0.178,2
0.178,2
0.178,2
0.178,2
0.178,1
0.178,1
0.183,4
0.327,2
0.327,4
0.327,1
0.327,3
0.327,1
0.327,5
0.327,1
0.191,0
0.271,2
0.271,1
0.271,1
0.271,1
0.271,1
0.271,2
0.271,1
0.271,2
0.307,1
0.307,1
0.307,1
0.239,1
0.239,1
0.239,1
0.239,1
0.239,1
0.239,2
0.239,4
0.239,3
0.239,4
0.239,2
0.216,1
0.271,1
0.191,1
0.191,1
0.191,2
0.210,1
0.210,2
0.210,3
0.210,0
0.210,1
0.210,3
0.210,1
0.210,4
0.210,3
0.210,2
0.210,1
0.210,1
0.210,2
0.210,0
0.210,3
0.210,5
0.210,1
0.210,3
0.210,3
0.265,2
0.265,2
0.265,1
0.265,1
0.233,2
0.233,2
0.198,2
0.198,2
0.198,3
0.198,4
0.241,2
0.262,1
0.309,0
0.185,3
0.185,2
0.185,1
0.185,1
0.185,5
0.185,0
0.231,2
0.201,3
0.201,2
0.201,1
0.201,1
0.279,1
0.230,3
0.230,2
0.359,2
0.319,1
0.165,2
0.165,2
0.165,1
0.165,3
0.268,1
0.268,0
0.277,0
0.303,1
0.271,2
0.188,1
0.188,4
0.188,2
0.188,5
0.188,4
0.188,1
0.188,2
0.188,10
0.188,1
0.188,4
0.188,2
0.188,1
0.188,2
0.188,6
0.188,3
0.188,1
0.188,2
0.188,2
0.188,0
0.188,3
0.188,3
0.188,3
0.188,1
0.188,2
0.188,3
0.188,1
0.251,2
0.289,1
0.289,1
0.164,4
0.164,2
0.126,8
0.236,1
0.277,1
0.277,1
0.277,1
0.287,2
0.287,4
0.287,1
0.227,3
0.227,5
0.227,7
0.227,3
0.209,2
0.209,1
0.174,1
0.174,5
0.174,3
0.174,2
0.174,1
0.174,1
0.174,2
0.140,2
0.140,4
0.325,1
0.324,1
0.172,2
0.172,5
0.172,2
0.304,1
0.270,2
0.220,2
0.221,1
0.221,1
0.221,4
0.221,1
0.221,3
0.221,5
0.340,1
0.275,1
0.449,1
0.449,1
0.449,1
0.242,1
0.242,1
0.236,3
0.236,3
0.236,3
0.236,4
0.236,2
0.236,3
0.279,3
0.279,1
0.279,2
0.280,0
0.280,0
0.368,3
0.223,1
0.223,1
0.196,1
0.196,1
0.226,1
0.226,2
0.226,1
0.139,2
0.263,2
0.263,1
0.127,1
0.127,1
0.127,2
0.127,1
0.127,3
0.127,3
0.127,6
0.127,3
0.127,8
0.127,4
0.442,0
0.442,1
0.131,5
0.131,4
0.131,4
0.131,5
0.131,5
0.131,3
0.131,2
0.131,4
0.131,9
0.131,4
0.131,3
0.131,10
0.131,2
0.131,8
0.131,4
0.131,4
0.131,3
0.131,12
0.131,6
0.131,0
0.131,5
0.131,4
0.131,5
0.131,2
0.174,3
0.174,1
0.321,1
0.321,3
0.321,3
0.321,1
0.363,1
0.248,2
0.318,5
0.318,1
0.216,1
0.216,1
0.261,1
0.071,10
0.071,8
0.071,2
0.073,1
0.123,1
0.079,1
0.222,1
0.050,1
0.096,1
0.076,1
0.100,1
0.183,1
0.071,1
0.142,1
0.113,1
0.147,1
0.274,4
0.062,1
0.033,1
0.096,1
0.195,1
0.063,1
0.099,4
0.099,6
0.099,10
0.104,1
0.127,1
0.108,3
0.108,2
0.111,1
0.115,1
0.070,1
0.070,1
0.288,1
0.113,3
0.113,1
0.026,2
0.104,1
0.066,1
0.065,1
0.322,1
0.137,1
0.081,1
0.055,1
0.043,1
0.021,1
0.062,1
0.098,1
0.105,1
0.097,1
0.067,2
0.067,1
0.086,0
0.065,2
0.415,8
0.415,1
0.415,1
0.415,3
0.415,1
0.415,3
0.415,0
0.415,7
0.415,6
0.316,9
0.198,2
0.418,2
0.240,1
0.230,4
0.052,9
0.063,16
0.257,1
0.220,1
0.143,2
0.136,4
0.067,4
0.141,1
0.067,13
0.280,1
0.083,7
0.121,1
0.352,1
0.336,2
0.499,2
0.517,3
0.075,16
0.333,2
0.511,1
0.511,3
0.511,9
0.511,2
0.511,1
0.252,1
0.242,1
0.681,1
0.681,1
0.681,3
0.681,1
0.681,1
0.681,1
0.319,4
0.516,1
0.334,1
0.331,1
0.116,2
0.642,2
0.642,2
0.642,4
0.642,3
0.200,1
0.138,2
0.122,6
0.181,1
0.110,12
0.645,1
0.346,1
0.233,1
0.129,1
0.343,14
0.424,2
0.235,1
0.132,1
0.362,3
0.146,6
0.284,1
0.280,3
0.348,4
0.222,1
0.215,1
0.049,2
0.320,4
0.191,1
0.223,1
0.111,2
0.285,1
0.142,2
0.310,1
0.273,1
0.182,4
0.132,0
0.223,10
0.193,2
0.068,6
0.513,4
0.197,1
0.139,1
0.090,6
0.051,5
0.471,1
0.391,1
0.115,7
0.342,3
0.205,2
0.310,3
0.172,2
0.085,6
0.072,16
0.170,5
0.319,1
0.113,1
0.295,1
0.242,3
0.288,1
0.184,8
0.319,1
0.082,5
0.413,2
0.200,0
0.071,2
0.089,5
0.077,4
0.236,2
0.383,4
0.083,12
0.211,0
0.127,4
0.199,1
0.216,1
0.173,1
0.236,2
0.214,5
0.209,2
0.080,3
0.303,1
0.139,3
0.349,1
0.133,2
0.160,3
0.217,6
0.223,1
0.223,2
0.223,1
0.223,2
0.375,3
0.304,0
0.071,8
0.087,5
0.248,2
0.074,6
0.104,0
0.104,0
0.112,3
0.544,4
0.544,1
0.544,3
0.544,1
0.209,1
0.138,4
0.045,11
0.221,0
0.127,3
0.123,6
0.458,3
0.509,1
0.307,1
0.313,1
0.144,3
0.144,7
0.144,0
0.144,1
0.222,1
0.111,11
0.298,1
0.184,2
0.304,1
0.126,4
0.126,3
0.217,1
0.084,5
0.084,4
0.076,3
0.238,2
0.392,2
0.193,1
0.081,3
0.133,1
0.070,1
0.200,1
0.302,1
0.255,1
0.085,1
0.221,0
0.042,2
0.205,1
0.055,2
0.130,4
0.151,1
0.268,1
0.042,5
0.302,1
0.130,1
0.131,0
0.072,5
0.255,1
0.161,4
0.061,5
0.061,2
0.102,1
0.087,5
0.078,21
0.117,1
0.166,0
0.219,3
0.136,2
0.224,4
0.165,1
0.035,15
0.132,1
0.068,2
0.055,10
0.091,2
0.148,1
0.244,1
0.087,1
0.087,0
0.128,2
0.215,4
0.171,1
0.103,2
0.141,4
0.152,1
0.303,1
0.244,3
0.312,0
0.300,1
0.041,1
0.044,1
0.054,1
0.122,2
0.075,2
0.096,1
0.104,1
0.195,2
0.129,1
0.200,1
0.258,1
0.089,3
0.112,4
0.073,8
0.073,10
0.092,1
0.070,10
0.101,2
0.210,1
0.149,2
0.074,0
0.130,2
0.205,5
0.091,1
0.135,2
0.167,0
0.175,3
0.134,2
0.151,2
0.227,1
0.152,1
0.098,1
0.237,1
0.176,1
0.155,4
0.205,2
0.162,2
0.228,2
0.261,2
0.178,1
0.096,1
0.189,1
0.079,2
0.073,2
0.069,8
0.361,1
0.078,25
0.080,1
0.085,0
0.176,1
0.129,1
0.059,1
0.093,1
0.107,1
0.058,6
0.099,2
0.024,25
0.024,30
0.024,23
0.148,3
0.107,3
0.096,0
0.151,3
0.122,2
0.050,2
0.114,2
0.144,1
0.075,0
0.075,0
0.156,1
0.218,4
0.177,1
0.124,15
0.369,2
0.064,9
0.159,2
0.159,0
0.159,1
0.159,1
0.092,7
0.092,6
0.092,9
0.075,7
0.075,12
0.075,9
0.086,2
0.080,0
0.043,1
0.100,1
0.122,0
0.135,1
0.074,1
0.044,3
0.167,1
0.048,7
0.051,6
0.093,2
0.113,1
0.056,9
0.284,2
0.213,2
0.096,3
0.096,2
0.260,3
0.260,3
0.142,10
0.165,4
0.172,4
0.064,1
0.109,1
0.183,1
0.343,1
0.073,1
0.065,1
0.107,4
0.169,3
0.390,4
0.274,2
0.232,1
0.244,1
0.209,3
0.290,2
0.224,4
0.117,1
0.155,1
0.067,3
0.122,0
0.098,14
0.192,3
0.189,1
0.176,2
0.066,1
0.113,3
0.107,5
0.093,2
0.147,2
0.100,2
0.074,8
0.098,2
0.211,2
0.126,1
0.046,8
0.045,0
0.198,1
0.126,0
0.122,1
0.102,1
0.110,2
0.073,14
0.073,0
0.164,5
0.207,0
0.113,1
0.088,4
0.156,1
0.167,1
0.193,5
0.078,1
0.094,1
0.085,8
0.285,2
0.139,1
0.177,1
0.150,1
0.164,1
0.152,1
0.098,2
0.193,1
0.080,2
0.117,1
0.051,5
0.240,1
0.372,0
0.230,1
0.135,2
0.039,1
0.068,2
0.042,1
0.069,1
0.068,1
0.260,1
0.096,1
0.471,2
0.177,1
0.202,0
0.118,3
0.489,1
0.115,3
0.209,3
0.292,1
0.141,2
0.251,1
0.141,2
0.234,3
0.168,1
0.199,2
0.114,2
0.137,1
0.073,1
0.039,2
0.105,1
0.157,1
0.144,1
0.132,1
0.180,2
0.088,3
0.181,1
0.292,2
0.332,1
0.243,1
0.041,4
0.101,4
0.108,1
0.115,1
0.083,1
0.146,0
0.106,2
0.134,1
0.154,1
0.193,1
0.119,1
0.107,1
0.109,2
0.147,1
0.066,0
0.027,1
0.067,1
0.143,0
0.246,0
0.120,2
0.205,0
0.294,2
0.085,2
0.161,1
0.291,1
0.269,3
0.203,1
0.172,1
0.137,1
0.136,1
0.085,3
0.167,1
0.318,1
0.231,1
0.272,0
0.242,1
0.180,1
0.090,1
0.068,0
0.029,1
0.034,1
0.027,1
0.223,1
0.069,11
0.080,2
0.135,2
0.162,2
0.173,1
0.108,1
0.136,3
0.129,2
0.183,3
0.190,1
0.113,2
0.163,2
0.085,2
0.112,5
0.073,3
0.106,3
0.027,8
0.118,1
0.077,10
0.043,3
0.180,3
0.086,4
0.626,1
0.280,1
0.238,1
0.138,1
0.228,0
0.156,2
0.265,1
0.178,1
0.172,1
0.139,2
0.143,2
0.237,3
0.275,4
0.196,3
0.182,1
0.121,2
0.057,2
0.081,1
0.273,1
0.029,3
0.047,4
0.045,6
0.042,1
0.215,1
0.123,1
0.324,1
0.145,1
0.529,1
0.249,1
0.176,1
0.108,1
0.101,1
0.106,0
0.116,5
0.061,1
0.116,6
0.151,2
0.107,1
0.104,0
0.091,1
0.284,3
0.284,4
0.246,2
0.165,3
0.165,1
0.049,3
0.200,2
0.046,1
0.103,2
0.229,2
0.255,1
0.161,1
0.195,1
0.252,3
0.190,11
0.246,0
0.114,2
0.104,6
0.267,6
0.148,2
0.293,3
0.131,1
0.080,2
0.083,2
0.159,7
0.127,4
0.260,1
0.151,1
0.597,1
0.071,8
0.139,2
0.048,2
0.198,6
0.175,1
0.190,1
0.178,1
0.221,1
0.234,17
0.352,1
0.297,1
0.331,1
0.225,1
0.193,3
0.072,1
0.084,1
0.057,4
0.092,1
0.103,7
0.267,2
0.109,1
0.098,1
0.157,1
0.394,1
0.311,1
0.096,1
0.139,2
0.238,1
0.201,1
0.324,1
0.205,1
0.094,1
0.281,1
0.213,1
0.130,1
0.139,2
0.045,7
0.154,1
0.225,1
0.196,2
0.087,16
0.087,15
0.087,19
0.195,1
0.073,1
0.216,1
0.157,1
0.206,1
0.260,1
0.275,3
0.112,1
0.204,1
0.211,1
0.151,1
0.253,1
0.330,2
0.272,1
0.193,0
0.128,1
0.104,10
0.241,1
0.117,1
0.051,1
0.143,1
0.262,1
0.262,2
0.262,4
0.223,1
0.189,1
0.170,1
0.167,1
0.255,1
0.227,1
0.195,1
0.188,2
0.078,1
0.335,1
0.218,1
0.218,1
0.218,2
0.153,2
0.102,2
0.102,3
0.102,2
0.286,1
0.441,1
0.066,4
0.156,1
0.135,6
0.135,5
0.090,3
0.274,1
0.091,1
0.443,2
0.443,2
0.443,1
0.443,2
0.443,2
0.421,1
0.244,2
0.134,2
0.078,4
0.206,1
0.225,1
0.044,1
0.112,1
0.232,3
0.271,1
0.279,1
0.246,3
0.246,3
0.246,4
0.258,1
0.272,1
0.143,2
0.202,1
0.282,1
0.268,1
0.102,1
0.256,6
0.191,1
0.168,1
0.229,1
0.158,0
0.158,2
0.252,3
0.154,2
0.373,0
0.373,0
0.373,0
0.373,0
0.373,0
0.113,1
0.056,2
0.163,6
0.233,1
0.063,1
0.230,2
0.230,1
0.054,1
0.184,1
0.134,1
0.161,1
0.319,1
0.368,1
0.190,1
0.084,4
0.238,1
0.089,1
0.223,1
0.155,2
0.185,1
0.104,5
0.104,2
0.104,6
0.104,7
0.118,1
0.047,1
0.221,1
0.275,1
0.160,3
0.160,2
0.066,1
0.116,1
0.193,2
0.149,1
0.146,1
0.146,1
0.146,1
0.146,1
0.223,1
0.073,1
0.087,1
0.087,1
0.087,7
0.087,1
0.087,1
0.087,3
0.087,4
0.087,1
0.107,0
0.107,3
0.107,1
0.107,3
0.196,4
0.221,1
0.127,1
0.122,0
0.295,2
0.212,1
0.137,1
0.137,1
0.041,3
0.115,2
0.115,2
0.311,1
0.178,2
0.210,2
0.286,1
0.197,2
0.279,4
0.105,2
0.183,1
0.173,1
0.068,1
0.068,2
0.149,1
0.149,1
0.149,3
0.212,4
0.132,2
0.124,2
0.122,1
0.224,1
0.154,1
0.197,6
0.176,6
0.153,1
0.136,4
0.065,1
0.202,0
0.277,1
0.204,1
0.163,1
0.210,2
0.210,2
0.357,2
0.183,1
0.042,4
0.042,5
0.211,1
0.199,2
0.244,1
0.244,1
0.117,12
0.190,4
0.190,3
0.022,8
0.306,2
0.125,0
0.155,4
0.155,2
0.100,1
0.178,3
0.124,2
0.096,1
0.114,3
0.114,1
0.114,1
0.140,6
0.155,1
0.181,1
0.501,1
0.368,1
0.109,7
0.109,3
0.109,1
0.252,1
0.167,6
0.088,2
0.088,1
0.325,1
0.090,2
0.132,5
0.132,8
0.132,10
0.132,4
0.132,2
0.132,9
0.132,7
0.132,1
0.407,1
0.162,1
0.162,1
0.162,2
0.268,1
0.279,1
0.263,1
0.041,0
0.224,1
0.185,2
0.093,1
0.106,1
0.169,1
0.175,2
0.042,16
0.095,2
0.303,3
0.207,1
0.207,2
0.175,1
0.203,1
0.193,0
0.183,0
0.098,7
0.098,5
0.181,0
0.194,2
0.219,1
0.178,1
0.410,1
0.152,2
0.052,5
0.052,4
0.183,2
0.216,1
0.314,2
0.105,3
0.066,6
0.061,13
0.262,6
0.153,3
0.191,1
0.242,8
0.060,8
0.194,8
0.210,1
0.117,0
0.180,1
0.198,3
0.198,5
0.201,2
0.159,1
0.061,9
0.034,4
0.044,4
0.154,4
0.113,5
0.136,3
0.077,3
0.197,1
0.143,10
0.138,3
0.112,1
0.160,1
0.175,1
0.129,1
0.205,2
0.098,1
0.236,1
0.060,9
0.207,7
0.207,4
0.146,1
0.271,1
0.150,2
0.086,3
0.361,1
0.176,2
0.176,1
0.182,3
0.096,0
0.213,1
0.066,5
0.225,3
0.111,3
0.396,2
0.140,2
0.211,1
0.155,2
0.168,3
0.205,4
0.122,1
0.081,4
0.164,5
0.115,1
0.159,5
0.091,4
0.059,5
0.235,1
0.345,1
0.137,6
0.219,1
0.210,1
0.236,1
0.083,1
0.040,16
0.040,14
0.040,1
0.040,17
0.140,3
0.107,1
0.136,4
0.136,4
0.193,1
0.092,3
0.080,3
0.160,4
0.211,1
0.083,8
0.114,1
0.074,6
0.182,2
0.438,1
0.234,2
0.191,1
0.242,2
0.221,2
0.223,3
0.096,3
0.299,0
0.243,1
0.105,1
0.260,2
0.205,2
0.100,2
0.316,3
0.105,2
0.240,1
0.134,3
0.336,2
0.201,1
0.035,8
0.035,7
0.201,2
0.201,4
0.051,13
0.179,3
0.138,5
0.068,5
0.073,4
0.138,3
0.098,9
0.079,4
0.225,2
0.153,3
0.136,9
0.030,10
0.030,6
0.236,3
0.287,1
0.264,1
0.264,1
0.151,2
0.121,2
0.071,23
0.120,2
0.164,2
0.164,2
0.133,2
0.205,2
0.168,16
0.132,5
0.087,8
0.184,1
0.176,1
0.142,4
0.484,4
0.484,2
0.189,3
0.080,5
0.093,2
0.089,4
0.116,1
0.458,1
0.274,1
0.112,9
0.140,1
0.188,3
0.153,2
0.115,1
0.145,7
0.079,12
0.166,2
0.192,1
0.217,3
0.045,13
0.151,1
0.150,3
0.085,3
0.227,1
0.029,7
0.168,2
0.115,2
0.151,18
0.240,2
0.147,1
0.096,7
0.062,6
0.235,3
0.526,9
0.112,8
0.095,5
0.181,2
0.144,1
0.113,2
0.115,1
0.117,2
0.037,8
0.296,2
0.171,1
0.108,2
0.398,1
0.529,1
0.061,9
0.039,4
0.244,20
0.089,2
0.099,11
0.103,13
0.117,5
0.205,2
0.118,1
0.118,0
0.093,2
0.229,1
0.141,4
0.116,4
0.197,2
0.248,1
0.298,1
0.168,2
0.091,0
0.165,1
0.137,2
0.162,1
0.190,1
0.204,1
0.117,7
0.187,1
0.261,6
0.261,1
0.186,4
0.151,1
0.133,2
0.145,1
0.121,2
0.148,1
0.229,1
0.110,3
0.283,0
0.241,1
0.101,3
0.180,1
0.195,3
0.122,3
0.155,2
0.169,2
0.097,4
0.043,9
0.043,8
0.043,7
0.054,7
0.102,4
0.271,2
0.199,1
0.117,4
0.070,17
0.332,2
0.066,2
0.029,5
0.274,2
0.106,1
0.368,2
0.096,0
0.196,4
0.309,2
0.216,1
0.234,6
0.211,0
0.131,7
0.190,1
0.193,3
0.195,1
0.143,2
0.286,2
0.077,8
0.249,1
0.057,6
0.202,2
0.194,2
0.234,2
0.272,1
0.189,1
0.038,11
0.131,6
0.127,3
0.107,3
0.070,7
0.066,10
0.075,1
0.408,4
0.222,3
0.371,3
0.044,9
0.225,2
0.201,3
0.028,46
0.175,1
0.214,1
0.165,2
0.068,3
0.068,27
0.119,8
0.105,4
0.100,1
0.218,2
0.107,3
0.177,1
0.197,1
0.113,1
0.163,3
0.400,1
0.200,1
0.200,1
0.068,3
0.237,1
0.174,2
0.065,5
0.224,2
0.056,10
0.186,3
0.282,2
0.170,1
0.145,4
0.214,1
0.140,2
0.059,12
0.159,5
0.071,3
0.140,2
0.064,0
0.235,1
0.074,10
0.135,2
0.067,10
0.330,3
0.118,7
0.065,0
0.071,11
0.238,1
0.311,1
0.062,18
0.516,3
0.046,7
0.030,5
0.560,1
0.560,0
0.560,0
0.560,1
0.560,0
0.560,3
0.560,1
0.560,1
0.560,1
0.560,9
0.560,5
0.560,0
0.560,1
0.560,1
0.560,3
0.560,1
0.167,5
0.074,9
0.135,2
0.329,6
0.329,1
0.329,1
0.329,2
0.329,3
0.329,3
0.329,2
0.329,0
0.329,1
0.207,3
0.129,12
0.052,0
0.174,0
0.174,1
0.233,0
0.175,1
0.119,4
0.275,1
0.205,1
0.334,3
0.251,2
0.093,3
0.072,6
0.091,7
0.354,6
0.131,5
0.187,1
0.178,5
0.120,0
0.187,2
0.103,4
0.179,5
0.160,2
0.320,1
0.147,2
0.044,6
0.028,8
0.134,3
0.165,2
0.121,2
0.070,3
0.307,0
0.307,0
0.175,2
0.141,4
0.192,1
0.109,2
0.249,1
0.261,1
0.326,2
0.365,1
0.180,1
0.176,3
0.186,6
0.130,5
0.211,1
0.365,7
0.194,1
0.058,16
0.196,1
0.095,2
0.073,2
0.071,2
0.158,1
0.100,3
0.313,2
0.085,1
0.110,2
0.179,1
0.203,1
0.060,6
0.179,1
0.179,1
0.074,6
0.245,2
0.167,7
0.040,19
0.071,5
0.155,1
0.042,4
0.090,4
0.046,4
0.047,8
0.144,2
0.087,6
0.334,2
0.383,1
0.592,1
0.116,3
0.139,1
0.160,1
0.151,2
0.137,3
0.185,3
0.201,3
0.283,3
0.030,17
0.094,2
0.139,8
0.190,1
0.158,3
0.166,2
0.174,2
0.094,7
0.180,1
0.173,3
0.201,1
0.228,1
0.333,4
0.025,3
0.205,1
0.119,1
0.228,3
0.252,3
0.031,9
0.082,3
0.073,4
0.065,2
0.021,6
0.147,1
0.137,2
0.158,3
0.041,10
0.268,1
0.268,1
0.268,2
0.223,3
0.091,7
0.173,1
0.292,1
0.165,1
0.155,3
0.148,2
0.177,2
0.060,3
0.230,1
0.052,8
0.052,10
0.052,7
0.163,1
0.046,4
0.181,2
0.186,3
0.167,1
0.115,3
0.115,4
0.297,2
0.142,4
0.177,1
0.136,1
0.170,6
0.133,1
0.153,7
0.364,3
0.364,2
0.364,2
0.250,3
0.173,1
0.168,1
0.264,5
0.263,1
0.178,7
0.079,17
0.205,2
0.167,2
0.208,2
0.110,5
0.086,0
0.036,14
0.122,6
0.145,1
0.475,3
0.085,1
0.108,2
0.159,2
0.159,4
0.118,12
0.038,3
0.170,2
0.060,1
0.065,2
0.153,2
0.139,5
0.102,1
0.098,2
0.231,3
0.099,7
0.140,7
0.081,2
0.071,2
0.367,2
0.367,2
0.367,4
0.367,1
0.367,1
0.367,2
0.367,1
0.142,5
0.071,5
0.096,10
0.086,3
0.126,3
0.126,2
0.176,7
0.124,9
0.319,1
0.264,1
0.299,2
0.299,1
0.249,0
0.124,1
0.124,2
0.124,1
0.190,2
0.297,3
0.184,1
0.208,3
0.208,1
0.276,1
0.517,1
0.407,1
0.203,5
0.203,1
0.203,5
0.203,4
0.203,5
0.176,1
0.176,1
0.176,2
0.176,3
0.176,0
0.176,2
0.176,2
0.224,3
0.224,8
0.224,1
0.224,1
0.224,10
0.224,4
0.224,1
0.224,2
0.224,0
0.256,2
0.256,4
0.286,1
0.286,1
0.286,1
0.316,1
0.316,1
0.354,3
0.354,2
0.422,0
0.422,1
0.121,4
0.121,2
0.240,1
0.299,2
0.260,2
0.260,2
0.260,6
0.356,1
0.271,1
0.271,1
0.271,0
0.271,2
0.203,1
0.203,2
0.203,1
0.203,4
0.203,2
0.203,3
0.203,8
0.203,3
0.203,4
0.203,5
0.203,6
0.203,2
0.203,1
0.203,1
0.269,1
0.269,3
0.301,1
0.220,2
0.256,6
0.256,5
0.256,4
0.256,1
0.256,2
0.256,2
0.256,3
0.256,4
0.256,9
0.256,4
0.256,2
0.256,2
0.194,2
0.194,2
0.194,2
0.198,1
0.198,1
0.198,3
0.198,2
0.295,3
0.298,5
0.123,3
0.123,4
0.123,2
0.123,1
0.123,5
0.268,1
0.268,1
0.322,2
0.348,1
0.112,9
0.112,3
0.112,7
0.112,5
0.215,1
0.464,0
0.380,1
0.380,1
0.161,2
0.161,3
0.161,1
0.161,1
0.299,3
0.299,4
0.299,9
0.299,2
0.299,1
0.299,1
0.136,2
0.136,1
0.136,6
0.136,1
0.136,1
0.271,1
0.271,1
0.197,6
0.197,5
0.169,2
0.208,0
0.197,3
0.131,10
0.199,7
0.241,4
0.270,2
0.109,10
0.212,2
0.212,1
0.212,3
0.050,6
0.050,8
0.303,1
0.423,2
0.423,1
0.153,1
0.096,1
0.031,3
0.465,2
0.272,1
0.204,1
0.187,1
0.157,1
0.051,1
0.190,1
0.084,1
0.145,1
0.092,1
0.094,1
0.412,0
0.019,1
0.138,1
0.123,1
0.073,1
0.065,1
0.109,1
0.104,1
0.067,1
0.056,1
0.199,1
0.163,1
0.110,1
0.023,2
0.050,1
0.110,2
0.270,1
0.309,1
0.210,3
0.040,2
0.132,1
0.188,1
0.038,1
0.188,1
0.091,1
0.490,1
0.117,1
0.145,1
0.048,1
0.086,1
0.108,1
0.117,2
0.171,3
0.171,2
0.111,1
0.176,1
0.113,1
0.113,0
0.113,1
0.113,0
0.115,1
0.110,1
0.722,1
0.373,1
0.176,3
0.139,1
0.265,1
0.123,2
0.119,1
0.092,1
0.442,1
0.114,2
0.168,1
0.188,1
0.225,4
0.225,2
0.215,2
0.215,2
0.375,1
0.375,3
0.375,1
0.375,0
0.375,1
0.375,0
0.375,0
0.375,3
0.375,0
0.375,0
0.375,0
0.375,6
0.375,1
0.375,1
0.375,4
0.375,0
0.375,4
0.375,2
0.375,1
0.375,0
0.375,1
0.375,1
0.375,1
0.375,2
0.375,2
0.375,1
0.118,19
0.245,1
0.065,10
0.051,2
0.152,4
0.208,1
0.208,1
0.208,1
0.301,1
0.207,4
0.207,7
0.180,2
0.180,2
0.215,1
0.292,3
0.292,1
0.249,1
0.325,1
0.325,1
0.325,1
0.325,1
0.143,4
0.143,3
0.143,3
0.198,1
0.274,1
0.238,2
0.297,2
0.297,2
0.203,2
0.202,1
0.250,3
0.250,5
0.247,4
0.190,1
0.302,1
0.215,0
0.210,1
0.375,1
0.212,1
0.212,1
0.126,2
0.126,1
0.218,2
0.233,1
0.250,3
0.170,7
0.211,4
0.211,1
0.211,3
0.211,7
0.211,1
0.211,1
0.211,2
0.211,1
0.211,0
0.211,1
0.211,1
0.211,1
0.289,2
0.288,2
0.260,5
0.288,1
0.186,4
0.321,1
0.221,1
0.187,3
0.204,4
0.326,1
0.273,6
0.195,2
0.195,3
0.195,7
0.195,2
0.195,7
0.195,3
0.195,2
0.195,1
0.195,7
0.195,4
0.195,2
0.195,6
0.195,4
0.419,1
0.224,2
0.224,1
0.157,5
0.253,1
0.180,2
0.188,1
0.188,1
0.253,1
0.279,1
0.279,1
0.279,1
0.228,2
0.153,1
0.153,1
0.153,1
0.105,4
0.160,2
0.160,1
0.160,1
0.160,4
0.199,1
0.256,5
0.256,1
0.212,1
0.212,1
0.250,2
0.272,1
0.176,2
0.176,2
0.176,2
0.176,1
0.176,3
0.176,4
0.176,1
0.163,1
0.205,1
0.257,1
0.257,2
0.257,1
0.257,2
0.257,5
0.257,1
0.257,0
0.257,0
0.257,1
0.257,1
0.257,5
0.257,0
0.257,0
0.257,0
0.257,2
0.183,17
0.237,4
0.237,1
0.150,1
0.232,2
0.218,1
0.221,0
0.233,4
0.213,2
0.213,1
0.213,1
0.213,3
0.213,3
0.159,0
0.105,2
0.105,1
0.105,1
0.105,3
0.105,5
0.105,2
0.188,1
0.188,2
0.188,4
0.188,1
0.188,3
0.212,1
0.212,0
0.237,2
0.237,1
0.237,1
0.237,1
0.115,1
0.115,1
0.115,1
0.115,1
0.115,1
0.115,4
0.115,1
0.181,2
0.181,1
0.222,1
0.211,3
0.225,2
0.327,1
0.283,1
0.163,2
0.163,2
0.163,0
0.224,1
0.248,1
0.248,4
0.238,3
0.030,3
0.030,1
0.030,5
0.030,2
0.030,8
0.030,7
0.030,2
0.030,2
0.030,1
0.101,2
0.101,2
0.101,4
0.101,1
0.232,1
0.054,16
0.076,9
0.102,7
0.102,5
0.156,5
0.120,0
0.120,0
0.190,1
0.247,5
0.247,2
0.247,2
0.076,1
0.082,13
0.169,1
0.302,1
0.302,3
0.302,1
0.302,1
0.302,5
0.302,1
0.302,1
0.052,3
0.384,1
0.340,4
0.340,1
0.340,2
0.042,13
0.202,1
0.103,3
0.103,3
0.103,4
0.102,2
0.207,3
0.207,2
0.207,1
0.207,2
0.177,1
0.162,4
0.154,9
0.154,1
0.062,2
0.218,1
0.339,1
0.395,1
0.029,2
0.222,0
0.222,0
0.222,0
0.222,0
0.222,0
0.222,0
0.210,1
0.269,1
0.381,0
0.058,1
0.210,5
0.210,4
0.210,2
0.210,4
0.210,7
0.210,1
0.210,1
0.210,6
0.210,1
0.210,2
0.210,2
0.210,2
0.210,8
0.210,1
0.444,1
0.055,1
0.232,1
0.157,1
0.211,2
0.180,1
0.162,1
0.060,2
0.161,1
0.161,2
0.288,1
0.344,2
0.344,5
0.344,1
0.390,5
0.116,1
0.158,0
0.105,4
0.105,1
0.231,1
0.266,2
0.161,3
0.161,4
0.161,6
0.146,1
0.178,1
0.288,1
0.074,4
0.074,3
0.116,1
0.222,1
0.161,1
0.199,1
0.091,1
0.234,1
0.264,1
0.182,1
0.182,8
0.278,1
0.180,1
0.097,1
0.236,1
0.236,0
0.331,3
0.190,1
0.396,2
0.396,3
0.396,4
0.396,3
0.396,1
0.396,4
0.396,1
0.185,0
0.281,3
0.281,1
0.123,2
0.128,2
0.178,6
0.091,3
0.091,2
0.183,1
0.158,1
0.117,3
0.233,1
0.226,5
0.153,1
0.334,2
0.143,1
0.233,2
0.233,1
0.084,1
0.084,3
0.403,1
0.034,17
0.034,4
0.152,3
0.152,3
0.152,2
0.193,1
0.246,4
0.206,1
0.065,1
0.246,1
0.245,1
0.181,1
0.208,1
0.099,3
0.199,3
0.207,11
0.161,1
0.081,2
0.177,1
0.424,1
0.098,4
0.098,6
0.098,4
0.098,15
0.098,4
0.098,5
0.195,1
0.209,1
0.241,1
0.305,2
0.305,1
0.305,1
0.305,1
0.224,1
0.336,1
0.149,5
0.222,1
0.097,3
0.097,4
0.097,3
0.097,1
0.209,1
0.278,4
0.076,0
0.127,1
0.311,1
0.101,10
0.101,14
0.101,6
0.101,2
0.101,15
0.264,1
0.085,7
0.044,22
0.044,3
0.140,4
0.242,1
0.242,3
0.242,2
0.242,2
0.242,2
0.242,4
0.335,1
0.216,1
0.277,1
0.077,2
0.220,1
0.414,1
0.163,2
0.193,3
0.193,4
0.215,1
0.258,1
0.141,8
0.141,8
0.141,5
0.141,5
0.141,5
0.141,2
0.141,5
0.141,11
0.141,10
0.141,5
0.155,1
0.420,1
0.346,2
0.346,3
0.346,2
0.346,10
0.346,1
0.346,4
0.346,10
0.346,1
0.346,1
0.346,1
0.346,1
0.346,3
0.346,1
0.346,1
0.346,3
0.346,2
0.346,2
0.346,4
0.346,4
0.346,3
0.346,4
0.346,9
0.346,9
0.346,8
0.346,5
0.346,3
0.346,1
0.346,2
0.346,4
0.346,3
0.346,1
0.346,3
0.163,1
0.128,2
0.129,8
0.258,12
0.258,7
0.225,1
0.089,4
0.089,2
0.089,3
0.089,2
0.141,3
0.241,4
0.178,2
0.266,1
0.180,3
0.207,0
0.582,0
0.582,0
0.177,1
0.239,37
0.239,1
0.239,2
0.094,5
0.094,3
0.094,3
0.293,4
0.293,1
0.042,15
0.173,1
0.159,1
0.193,4
0.086,0
0.180,2
0.180,2
0.180,1
0.452,0
0.139,1
0.522,12
0.522,1
0.373,4
0.373,3
0.373,4
0.373,7
0.215,1
0.275,1
0.297,2
0.297,2
0.297,2
0.297,1
0.297,5
0.297,5
0.297,1
0.297,1
0.297,6
0.297,2
0.297,8
0.270,2
0.198,1
0.156,1
0.228,2
0.200,2
0.096,1
0.193,1
0.254,0
0.412,2
0.154,2
0.121,1
0.209,1
0.115,3
0.152,0
0.136,15
0.054,8
0.054,1
0.131,5
0.131,6
0.131,1
0.131,9
0.131,5
0.131,7
0.131,3
0.131,4
0.131,2
0.131,5
0.131,4
0.285,4
0.285,4
0.285,1
0.285,2
0.285,1
0.285,5
0.285,2
0.285,10
0.285,3
0.285,4
0.285,4
0.285,3
0.285,3
0.285,3
0.285,1
0.285,2
0.285,2
0.148,1
0.203,1
0.117,4
0.184,3
0.053,7
0.022,5
0.022,5
0.022,6
0.022,9
0.022,6
0.022,3
0.022,6
0.022,6
0.022,1
0.070,2
0.252,1
0.261,3
0.261,6
0.242,2
0.197,8
0.197,5
0.197,19
0.197,2
0.197,4
0.197,8
0.197,8
0.166,1
0.234,3
0.088,3
0.088,3
0.198,1
0.256,2
0.237,1
0.124,1
0.131,1
0.209,1
0.233,1
0.190,2
0.190,3
0.190,2
0.221,4
0.221,1
0.195,2
0.189,2
0.189,5
0.189,2
0.189,1
0.189,1
0.189,1
0.147,2
0.341,1
0.073,2
0.073,12
0.285,1
0.132,1
0.118,10
0.128,1
0.093,1
0.062,0
0.168,2
0.136,3
0.103,5
0.266,1
0.090,0
0.273,1
0.273,2
0.339,5
0.339,1
0.339,1
0.339,2
0.108,1
0.330,1
0.371,1
0.201,0
0.144,1
0.257,5
0.223,1
0.269,1
0.086,1
0.246,1
0.066,1
0.209,4
0.190,1
0.335,0
0.335,1
0.335,1
0.335,0
0.335,1
0.335,0
0.335,0
0.335,0
0.335,0
0.335,0
0.335,0
0.335,0
0.335,0
0.335,0
0.335,0
0.335,0
0.335,0
0.335,0
0.335,0
0.335,0
0.335,0
0.335,0
0.335,0
0.335,0
0.335,0
0.335,0
0.335,0
0.335,0
0.335,0
0.335,0
0.335,0
0.335,0
0.335,0
0.335,0
0.335,0
0.335,1
0.335,0
0.335,1
0.152,1
0.170,1
0.110,2
0.185,1
0.094,1
0.094,7
0.094,3
0.094,4
0.094,2
0.185,2
0.185,5
0.140,1
0.140,3
0.053,3
0.092,1
0.135,2
0.194,1
0.205,1
0.228,4
0.228,6
0.228,4
0.228,4
0.060,1
0.381,1
0.092,0
0.135,1
0.125,6
0.136,1
0.205,4
0.205,2
0.205,1
0.084,9
0.084,8
0.084,3
0.084,12
0.084,6
0.084,14
0.084,13
0.169,1
0.165,1
0.065,6
0.065,4
0.065,4
0.065,4
0.150,2
0.210,1
0.205,2
0.212,5
0.183,2
0.183,2
0.183,4
0.183,2
0.433,1
0.295,1
0.135,7
0.135,5
0.135,6
0.135,7
0.193,1
0.220,1
0.069,1
0.139,2
0.460,3
0.460,2
0.460,3
0.460,1
0.144,2
0.365,1
0.068,2
0.079,1
0.091,1
0.079,4
0.213,2
0.114,2
0.114,2
0.114,5
0.114,5
0.114,1
0.326,1
0.187,1
0.272,4
0.428,22
0.428,28
0.428,10
0.428,15
0.280,1
0.153,1
0.085,1
0.321,1
0.045,5
0.045,6
0.045,6
0.045,4
0.045,10
0.113,0
0.239,1
0.077,9
0.077,9
0.077,4
0.077,12
0.077,15
0.247,1
0.044,2
0.218,1
0.147,9
0.056,1
0.200,2
0.076,3
0.298,2
0.026,1
0.138,1
0.257,5
0.080,1
0.262,2
0.166,1
0.031,13
0.144,1
0.291,1
0.291,1
0.291,4
0.291,4
0.291,2
0.279,2
0.270,1
0.351,4
0.254,1
0.181,4
0.181,4
0.161,1
0.161,2
0.103,1
0.103,5
0.103,2
0.103,2
0.103,3
0.103,2
0.163,1
0.122,1
0.282,1
0.264,1
0.250,1
0.187,1
0.421,5
0.421,5
0.421,0
0.421,2
0.164,2
0.071,43
0.071,0
0.071,37
0.071,26
0.186,1
0.140,2
0.464,2
0.154,1
0.192,1
0.112,1
0.205,2
0.205,2
0.205,3
0.205,3
0.205,2
0.174,9
0.174,9
0.049,2
0.049,1
0.077,4
0.225,1
0.251,1
0.296,8
0.393,5
0.393,3
0.393,4
0.079,2
0.248,2
0.255,1
0.114,1
0.231,11
0.212,1
0.059,1
0.015,1
0.449,4
0.204,1
0.079,1
0.257,1
0.117,1
0.103,3
0.212,3
0.155,4
0.137,2
0.137,2
0.266,1
0.170,2
0.227,1
0.281,1
0.281,1
0.268,1
0.173,0
0.173,0
0.173,0
0.173,0
0.173,0
0.173,0
0.173,0
0.173,0
0.171,1
0.156,8
0.156,14
0.156,9
0.156,10
0.156,10
0.156,6
0.156,10
0.156,4
0.156,4
0.156,12
0.156,9
0.156,3
0.041,3
0.041,8
0.041,4
0.373,1
0.265,1
0.241,1
0.270,1
0.116,1
0.225,1
0.281,1
0.228,1
0.118,1
0.289,1
0.241,6
0.241,5
0.241,4
0.241,3
0.241,6
0.071,4
0.071,7
0.071,1
0.326,1
0.085,1
0.254,2
0.150,1
0.188,1
0.211,0
0.135,6
0.135,4
0.135,9
0.362,10
0.362,3
0.362,3
0.362,2
0.362,5
0.254,1
0.324,2
0.259,1
0.078,12
0.078,2
0.078,13
0.078,2
0.078,2
0.078,18
0.078,1
0.111,1
0.231,2
0.400,1
0.083,1
0.133,1
0.417,3
0.126,2
0.126,1
0.066,1
0.190,1
0.071,1
0.153,7
0.096,5
0.393,0
0.206,0
0.232,4
0.248,1
0.026,1
0.417,2
0.242,1
0.187,8
0.187,5
0.187,6
0.187,5
0.275,1
0.275,0
0.275,0
0.331,1
0.357,1
0.172,1
0.097,0
0.401,1
0.291,1
0.061,4
0.061,4
0.108,1
0.403,0
0.113,1
0.321,1
0.068,22
0.068,73
0.068,20
0.068,10
0.068,10
0.094,1
0.258,1
0.067,3
0.227,0
0.182,1
0.172,1
0.121,1
0.022,1
0.079,2
0.402,1
0.402,1
0.402,1
0.402,2
0.402,1
0.402,2
0.402,1
0.402,4
0.402,1
0.402,2
0.365,1
0.371,2
0.277,1
0.287,1
0.238,4
0.093,1
0.101,1
0.101,1
0.386,1
0.069,3
0.069,2
0.243,1
0.197,1
0.157,0
0.476,1
0.136,1
0.222,1
0.302,1
0.116,1
0.243,12
0.243,8
0.243,4
0.193,1
0.232,1
0.232,2
0.123,1
0.242,1
0.208,1
0.137,3
0.170,1
0.181,2
0.186,1
0.200,1
0.261,1
0.330,2
0.216,3
0.216,1
0.216,3
0.216,2
0.216,3
0.216,3
0.280,2
0.156,1
0.188,1
0.288,0
0.251,5
0.167,2
0.132,2
0.215,9
0.215,7
0.215,6
0.215,5
0.215,2
0.259,4
0.259,4
0.259,3
0.259,1
0.149,2
0.121,1
0.170,1
0.145,7
0.266,1
0.167,1
0.211,1
0.088,1
0.187,3
0.283,1
0.251,2
0.260,0
0.175,1
0.243,2
0.346,1
0.259,1
0.245,3
0.306,2
0.169,1
0.089,4
0.185,1
0.109,1
0.159,1
0.063,4
0.063,1
0.063,27
0.122,1
0.317,1
0.116,1
0.285,1
0.299,1
0.244,1
0.244,3
0.286,12
0.286,6
0.286,5
0.286,3
0.359,10
0.365,4
0.104,3
0.167,1
0.133,1
0.065,1
0.213,3
0.229,2
0.229,2
0.188,2
0.348,1
0.348,2
0.094,1
0.155,1
0.139,1
0.128,1
0.119,1
0.138,3
0.394,24
0.394,4
0.188,1
0.245,3
0.202,1
0.139,0
0.160,2
0.165,6
0.210,0
0.170,1
0.189,2
0.223,4
0.223,10
0.223,4
0.163,2
0.219,0
0.061,1
0.130,3
0.301,0
0.053,4
0.053,3
0.254,1
0.303,3
0.303,3
0.303,2
0.303,1
0.303,2
0.303,2
0.303,2
0.303,1
0.419,12
0.084,1
0.084,4
0.110,1
0.088,1
0.088,1
0.079,1
0.079,1
0.079,1
0.079,2
0.094,19
0.094,3
0.094,6
0.094,2
0.094,4
0.094,5
0.186,1
0.063,6
0.063,3
0.063,3
0.063,8
0.063,2
0.063,4
0.063,3
0.063,3
0.139,1
0.139,1
0.139,3
0.153,0
0.179,1
0.145,4
0.145,4
0.145,2
0.145,6
0.145,5
0.145,10
0.145,2
0.145,3
0.193,2
0.193,1
0.193,3
0.061,3
0.061,1
0.061,4
0.061,4
0.061,1
0.061,3
0.134,1
0.240,8
0.043,2
0.103,1
0.077,4
0.077,4
0.077,6
0.077,6
0.077,6
0.174,1
0.062,1
0.252,2
0.252,2
0.055,6
0.145,4
0.145,3
0.145,0
0.186,2
0.186,2
0.186,3
0.138,1
0.111,1
0.042,1
0.074,1
0.074,1
0.074,2
0.172,6
0.070,2
0.124,1
0.124,2
0.124,1
0.124,1
0.124,1
0.124,2
0.087,1
0.087,1
0.087,2
0.087,10
0.088,1
0.172,2
0.086,4
0.057,6
0.076,1
0.149,5
0.054,3
0.204,1
0.168,1
0.256,1
0.256,1
0.092,12
0.092,4
0.092,6
0.197,5
0.190,0
0.152,0
0.190,4
0.178,6
0.078,5
0.078,8
0.078,7
0.078,3
0.115,4
0.115,3
0.115,5
0.115,4
0.115,7
0.116,1
0.137,0
0.137,1
0.137,5
0.156,2
0.080,2
0.080,4
0.308,1
0.344,1
0.330,1
0.330,1
0.330,1
0.232,1
0.182,0
0.145,4
0.145,9
0.145,6
0.145,4
0.166,5
0.214,3
0.215,4
0.139,3
0.139,3
0.139,7
0.139,8
0.139,6
0.139,8
0.139,11
0.079,3
0.079,8
0.079,4
0.079,5
0.079,1
0.079,3
0.079,5
0.079,3
0.079,2
0.079,6
0.079,5
0.290,1
0.177,3
0.164,1
0.206,1
0.141,3
0.141,7
0.244,1
0.410,3
0.410,2
0.295,2
0.149,1
0.249,1
0.079,12
0.079,3
0.079,1
0.079,9
0.079,6
0.079,7
0.079,7
0.079,9
0.079,1
0.079,13
0.079,13
0.079,2
0.079,11
0.079,3
0.079,14
0.079,1
0.079,17
0.079,5
0.079,2
0.079,11
0.079,14
0.079,33
0.079,10
0.079,9
0.079,10
0.026,2
0.065,6
0.065,5
0.065,4
0.194,11
0.188,8
0.090,3
0.090,3
0.090,3
0.222,2
0.292,1
0.154,0
0.133,4
0.086,3
0.239,2
0.134,0
0.148,3
0.239,4
0.238,3
0.238,2
0.238,4
0.238,0
0.054,5
0.054,3
0.054,3
0.054,5
0.188,2
0.143,7
0.143,3
0.143,2
0.143,4
0.143,3
0.143,1
0.143,9
0.143,6
0.143,6
0.233,6
0.233,6
0.283,3
0.107,4
0.107,1
0.193,1
0.083,6
0.101,2
0.235,2
0.028,7
0.028,6
0.028,6
0.028,3
0.028,4
0.028,9
0.028,6
0.028,13
0.028,9
0.028,9
0.028,8
0.028,6
0.028,10
0.028,9
0.028,9
0.145,1
0.276,2
0.315,8
0.315,5
0.134,3
0.157,4
0.084,2
0.367,1
0.150,1
0.247,0
0.247,2
0.212,3
0.152,2
0.152,9
0.152,3
0.217,1
0.071,2
0.260,1
0.260,1
0.260,2
0.260,1
0.260,2
0.260,1
0.281,2
0.281,2
0.281,1
0.281,3
0.281,6
0.282,1
0.277,1
0.280,1
0.133,0
0.201,1
0.169,2
0.172,1
0.172,2
0.047,4
0.304,4
0.304,3
0.304,3
0.057,2
0.323,5
0.098,6
0.081,4
0.081,9
0.081,4
0.081,17
0.081,1
0.081,10
0.081,8
0.081,19
0.081,6
0.081,11
0.081,20
0.081,11
0.198,4
0.157,2
0.160,1
0.395,3
0.395,2
0.395,5
0.395,3
0.395,2
0.395,5
0.395,5
0.395,2
0.182,4
0.320,11
0.320,2
0.080,9
0.080,5
0.080,2
0.080,8
0.080,4
0.159,3
0.113,3
0.113,3
0.113,2
0.113,3
0.230,1
0.230,1
0.230,1
0.130,3
0.169,1
0.143,5
0.143,4
0.143,1
0.217,2
0.217,2
0.217,1
0.164,5
0.098,3
0.098,6
0.098,7
0.098,6
0.098,7
0.098,0
0.054,3
0.054,5
0.054,5
0.054,4
0.054,5
0.240,5
0.179,2
0.179,0
0.179,1
0.230,1
0.230,4
0.230,0
0.111,3
0.111,3
0.111,11
0.111,2
0.111,4
0.111,7
0.111,3
0.111,3
0.111,7
0.111,3
0.111,7
0.111,2
0.141,3
0.141,4
0.180,0
0.180,2
0.180,1
0.180,0
0.247,4
0.042,1
0.255,1
0.021,6
0.021,5
0.021,1
0.187,11
0.262,2
0.262,7
0.262,2
0.192,1
0.192,2
0.192,1
0.051,10
0.051,2
0.051,4
0.051,6
0.186,3
0.289,2
0.159,1
0.094,6
0.069,4
0.128,2
0.174,6
0.174,9
0.174,10
0.035,10
0.071,7
0.071,2
0.071,8
0.071,3
0.071,2
0.071,1
0.114,9
0.114,6
0.114,8
0.116,6
0.116,4
0.116,2
0.180,1
0.246,1
0.179,3
0.047,10
0.143,1
0.266,3
0.161,2
0.075,3
0.075,1
0.075,1
0.144,10
0.144,8
0.244,2
0.134,6
0.130,1
0.278,3
0.134,1
0.204,2
0.111,4
0.187,4
0.187,6
0.187,2
0.136,2
0.211,4
0.199,1
0.301,1
0.220,1
0.229,4
0.176,1
0.144,1
0.234,2
0.338,1
0.083,4
0.180,4
0.168,1
0.081,1
0.073,3
0.091,3
0.091,4
0.091,8
0.091,4
0.091,1
0.158,2
0.199,3
0.105,6
0.105,4
0.105,14
0.147,8
0.147,14
0.147,10
0.147,16
0.147,6
0.187,11
0.187,9
0.187,9
0.187,2
0.187,1
0.187,9
0.187,2
0.141,4
0.115,1
0.152,1
0.179,2
0.179,1
0.068,6
0.317,1
0.257,2
0.205,2
0.346,3
0.276,1
0.176,2
0.233,1
0.233,1
0.233,2
0.057,3
0.234,1
0.048,18
0.048,7
0.048,13
0.169,3
0.169,2
0.169,4
0.188,3
0.188,4
0.188,8
0.188,3
0.144,3
0.144,1
0.386,1
0.058,1
0.071,8
0.052,9
0.052,5
0.052,6
0.052,8
0.052,1
0.052,6
0.083,2
0.153,4
0.250,1
0.250,1
0.198,1
0.073,4
0.781,1
0.085,2
0.101,4
0.274,1
0.105,4
0.105,4
0.088,5
0.088,3
0.088,1
0.095,1
0.032,26
0.228,2
0.075,0
0.075,2
0.104,2
0.172,2
0.326,1
0.232,2
0.144,3
0.192,10
0.118,0
0.118,10
0.177,1
0.117,1
0.126,2
0.254,3
0.225,1
0.192,1
0.109,10
0.109,6
0.109,4
0.044,8
0.044,1
0.044,6
0.044,3
0.123,3
0.039,1
0.039,1
0.163,1
0.279,0
0.142,1
0.236,1
0.079,1
0.132,4
0.209,1
0.082,1
0.172,5
0.172,2
0.070,2
0.070,4
0.175,1
0.261,1
0.262,2
0.214,2
0.131,2
0.092,3
0.092,3
0.092,6
0.102,1
0.102,2
0.248,1
0.229,2
0.102,1
0.211,2
0.187,4
0.187,8
0.187,2
0.167,5
0.105,4
0.105,6
0.070,1
0.102,1
0.187,2
0.181,1
0.126,2
0.138,2
0.138,2
0.138,0
0.138,5
0.138,0
0.138,1
0.138,2
0.138,1
0.138,0
0.169,2
0.044,1
0.044,8
0.062,3
0.206,1
0.359,4
0.127,3
0.111,2
0.207,3
0.207,2
0.207,6
0.207,5
0.207,2
0.084,1
0.080,4
0.098,2
0.064,1
0.064,3
0.240,0
0.180,8
0.180,4
0.180,4
0.180,6
0.180,7
0.180,4
0.180,8
0.042,4
0.141,2
0.126,4
0.245,1
0.101,1
0.161,1
0.105,2
0.170,3
0.170,1
0.170,2
0.170,3
0.170,6
0.080,2
0.080,2
0.182,3
0.165,4
0.271,1
0.115,4
0.169,4
0.108,1
0.108,1
0.124,2
0.124,2
0.205,2
0.127,1
0.263,2
0.129,1
0.290,1
0.144,2
0.156,8
0.157,0
0.157,3
0.157,2
0.157,3
0.231,1
0.303,1
0.179,2
0.276,3
0.276,2
0.270,1
0.226,1
0.272,2
0.272,0
0.272,6
0.272,1
0.201,0
0.248,2
0.248,1
0.252,1
0.183,2
0.183,2
0.174,2
0.200,3
0.200,1
0.200,1
0.200,6
0.200,1
0.219,2
0.219,1
0.119,3
0.119,2
0.206,5
0.206,2
0.206,1
0.206,1
0.206,2
0.206,2
0.206,1
0.206,1
0.225,2
0.284,1
0.271,1
0.271,2
0.271,1
0.180,1
0.180,1
0.180,1
0.203,1
0.203,5
0.241,1
0.241,1
0.376,1
0.278,1
0.278,1
0.278,1
0.191,1
0.191,2
0.339,1
0.339,1
0.132,3
0.132,4
0.173,1
0.173,1
0.247,1
0.183,6
0.213,1
0.143,1
0.251,1
0.213,2
0.107,1
0.107,1
0.107,0
0.107,2
0.218,1
0.218,1
0.218,1
0.218,2
0.262,4
0.262,2
0.257,3
0.280,0
0.218,1
0.180,1
0.190,1
0.242,1
0.208,4
0.208,1
0.208,0
0.350,0
0.230,1
0.230,1
0.230,1
0.230,1
0.221,1
0.234,3
0.234,2
0.234,1
0.241,1
0.241,1
0.179,2
0.252,1
0.167,1
0.177,1
0.246,1
0.201,1
0.158,1
0.125,1
0.061,1
0.147,1
0.144,1
0.100,7
0.082,1
0.053,3
0.217,1
0.092,4
0.092,2
0.092,7
0.092,1
0.092,2
0.092,1
0.092,1
0.092,1
0.076,2
0.073,4
0.326,1
0.114,1
0.399,1
0.060,2
0.138,2
0.143,2
0.038,1
0.172,1
0.319,1
0.107,2
0.049,5
0.265,4
0.123,5
0.121,1
0.141,1
0.145,1
0.131,1
0.171,1
0.109,1
0.102,2
0.203,2
0.197,1
0.145,2
0.072,4
0.031,6
0.031,9
0.119,6
0.165,1
0.226,1
0.110,1
0.110,1
0.082,1
0.233,1
0.071,1
0.032,4
0.096,2
0.115,4
0.122,2
0.158,1
0.099,8
0.198,1
0.081,1
0.236,1
0.138,1
0.118,1
0.063,2
0.201,1
0.099,1
0.194,4
0.158,2
0.170,1
0.055,5
0.042,2
0.317,1
0.035,6
0.035,1
0.185,4
0.060,2
0.105,3
0.251,1
0.185,1
0.179,4
0.079,1
0.129,1
0.127,1
0.090,1
0.073,1
0.045,2
0.087,2
0.070,2
0.293,2
0.065,2
0.069,1
0.144,1
0.228,2
0.233,1
0.084,4
0.063,6
0.242,1
0.049,2
0.049,1
0.246,1
0.033,9
0.080,2
0.226,1
0.411,1
0.258,1
0.101,12
0.112,1
0.246,1
0.038,2
0.198,1
0.193,3
0.193,6
0.193,5
0.193,1
0.057,4
0.122,2
0.065,3
0.029,5
0.041,2
0.041,1
0.052,3
0.023,7
0.254,4
0.094,1
0.081,1
0.571,1
0.051,3
0.094,1
0.035,3
0.059,0
0.051,2
0.038,16
0.224,1
0.089,1
0.176,1
0.127,1
0.140,1
0.170,0
0.170,3
0.170,1
0.107,6
0.077,1
0.089,3
0.069,13
0.162,1
0.162,1
0.162,2
0.162,3
0.162,1
0.063,9
0.071,2
0.064,1
0.029,4
0.021,4
0.150,2
0.150,2
0.453,1
0.204,1
0.119,4
0.195,1
0.047,8
0.047,1
0.164,1
0.100,1
0.076,2
0.089,1
0.376,1
0.163,1
0.072,1
0.140,0
0.140,0
0.140,0
0.140,0
0.157,1
0.154,9
0.090,1
0.052,2
0.201,2
0.327,1
0.184,1
0.096,9
0.075,1
0.021,2
0.021,2
0.116,2
0.264,1
0.128,1
0.171,4
0.040,8
0.124,3
0.036,22
0.108,1
0.048,10
0.453,0
0.453,0
0.453,0
0.453,1
0.453,0
0.453,0
0.453,0
0.453,0
0.453,1
0.453,0
0.453,1
0.453,0
0.453,0
0.453,1
0.453,2
0.180,4
0.113,1
0.141,1
0.042,4
0.120,3
0.207,1
0.083,1
0.065,8
0.054,2
0.038,5
0.219,4
0.041,4
0.330,1
0.095,7
0.138,3
0.148,1
0.148,2
0.037,4
0.037,4
0.040,2
0.101,1
0.103,14
0.046,8
0.164,1
0.466,1
0.068,0
0.105,1
0.055,6
0.152,2
0.099,1
0.071,2
0.061,2
0.044,12
0.116,1
0.051,1
0.144,3
0.144,3
0.190,3
0.388,1
0.134,1
0.134,2
0.188,1
0.095,4
0.031,6
0.151,1
0.144,2
0.107,1
0.237,1
0.151,1
0.073,1
0.077,7
0.189,1
0.061,3
0.183,1
0.110,5
0.131,1
0.048,1
0.158,1
0.122,1
0.201,2
0.053,2
0.147,1
0.069,1
0.245,0
0.245,0
0.245,0
0.245,0
0.129,1
0.068,1
0.132,1
0.162,1
0.153,3
0.127,2
0.140,3
0.241,1
0.078,1
0.098,6
0.049,4
0.046,1
0.087,2
0.100,2
0.093,1
0.112,1
0.062,2
0.088,1
0.099,1
0.160,1
0.119,1
0.119,10
0.119,2
0.119,1
0.059,1
0.151,5
0.063,1
0.092,3
0.152,1
0.195,1
0.044,2
0.207,7
0.113,1
0.147,4
0.095,2
0.188,2
0.138,1
0.096,1
0.178,1
0.089,16
0.058,1
0.097,3
0.079,2
0.121,1
0.076,8
0.150,4
0.196,1
0.296,1
0.168,1
0.226,1
0.164,1
0.131,0
0.294,1
0.181,2
0.143,1
0.038,6
0.098,1
0.077,4
0.325,2
0.325,2
0.100,1
0.166,1
0.035,4
0.098,12
0.156,0
0.093,6
0.093,3
0.093,5
0.093,5
0.093,1
0.093,1
0.027,3
0.137,2
0.096,5
0.135,1
0.135,2
0.135,2
0.217,1
0.202,3
0.049,5
0.049,4
0.160,1
0.182,1
0.170,2
0.170,2
0.074,5
0.074,5
0.059,2
0.064,2
0.294,1
0.216,1
0.360,4
0.140,1
0.224,2
0.057,5
0.164,2
0.112,5
0.128,1
0.078,1
0.088,1
0.042,2
0.133,2
0.135,11
0.146,1
0.224,1
0.052,2
0.123,2
0.157,1
0.157,1
0.181,1
0.088,1
0.064,1
0.064,1
0.143,1
0.101,3
0.101,1
0.101,3
0.113,1
0.113,0
0.113,0
0.126,1
0.108,1
0.146,1
0.112,1
0.135,2
0.325,1
0.194,1
0.155,0
0.156,2
0.175,1
0.181,1
0.177,1
0.120,1
0.052,2
0.091,2
0.098,1
0.041,5
0.185,1
0.061,1
0.119,9
0.119,12
0.070,2
0.119,2
0.122,0
0.122,12
0.246,1
0.124,3
0.046,1
0.122,2
0.110,1
0.108,1
0.066,3
0.047,1
0.141,1
0.811,4
0.811,2
0.811,0
0.811,4
0.811,2
0.811,0
0.811,2
0.811,2
0.811,1
0.811,1
0.811,1
0.811,1
0.811,0
0.811,6
0.811,10
0.811,4
